{
    "epoch_loss": {
        "type": "index_value",
        "index": [
            1,
            2,
            3,
            4,
            5,
            6,
            7,
            8,
            9,
            10,
            11,
            12,
            13,
            14,
            15,
            16,
            17,
            18,
            19,
            20,
            21,
            22,
            23,
            24,
            25,
            26,
            27,
            28,
            29,
            30,
            31,
            32,
            33,
            34,
            35,
            36,
            37,
            38,
            39,
            40
        ],
        "value": [
            2.704670272656341,
            1.7604750964178968,
            1.3828425603126413,
            1.122687152072565,
            0.9993817045617459,
            0.8724815663117081,
            0.7913065703947153,
            0.7230037321795278,
            0.6194075955383813,
            0.5306792292577117,
            0.4860747303090878,
            0.4553635874346121,
            0.38494901425802885,
            0.3525910733351067,
            0.34040993607755915,
            0.35556874835669106,
            0.35774167148924585,
            0.33931380843938286,
            0.31203400243574114,
            0.28744060979850256,
            0.2682846435415211,
            0.25610833003449796,
            0.28067736494452206,
            0.24523184793208963,
            0.20510388966371765,
            0.18931874988684014,
            0.17948633165501837,
            0.190748374186345,
            0.18196600619981537,
            0.16061122437466435,
            0.1207540557344458,
            0.11937713828771862,
            0.14612125432980594,
            0.1239076445240583,
            0.12537403137826209,
            0.14136750879349994,
            0.1051097220894116,
            0.124587914280927,
            0.09881082816577669,
            0.11036393118660841
        ]
    },
    "train_oa": {
        "type": "index_value",
        "index": [
            26
        ],
        "value": [
            85.32608695652173
        ]
    },
    "train_aa": {
        "type": "index_value",
        "index": [
            26
        ],
        "value": [
            91.97136660464203
        ]
    },
    "train_kappa": {
        "type": "index_value",
        "index": [
            26
        ],
        "value": [
            83.54975440716608
        ]
    },
    "eval_time": 0.0,
    "param": {
        "data": {
            "data_sign": "Indian",
            "data_file": "Indian_10",
            "patch_size": 13,
            "batch_size": 65,
            "num_classes": 16,
            "pca": 200,
            "dim_heads": 64,
            "spectral_size": 200
        },
        "net": {
            "trainer": "rwkvformer",
            "depth": 4,
            "dim": 64,
            "mlp_dim": 8,
            "heads": 24,
            "kernal": 6,
            "padding": 2,
            "n_head": 4,
            "ctx_len": 169,
            "n_attn": 512,
            "head_size": 12,
            "n_embd": 128,
            "n_embd1": 512,
            "n_ffn": 64,
            "rwkv_tiny_attn": 64,
            "rwkv_tiny_head": 4
        },
        "train": {
            "epochs": 40,
            "lr": 0.001,
            "weight_decay": 0
        },
        "uniq_name": "Indian_test"
    },
    "eval": {
        "classification": "                              precision    recall  f1-score   support\n\n                     Alfalfa     1.0000    0.9091    0.9524        11\n                 Corn-notill     0.8898    0.8433    0.8659       268\n                Corn-mintill     0.7374    0.8343    0.7828       175\n                        Corn     0.8947    0.8947    0.8947        38\n               Grass-pasture     0.7328    0.8763    0.7981        97\n                 Grass-trees     0.9459    0.9150    0.9302       153\n         Grass-pasture-mowed     0.5714    1.0000    0.7273         4\n               Hay-windrowed     0.9905    1.0000    0.9952       104\n                        Oats     0.0769    1.0000    0.1429         1\n              Soybean-notill     0.7817    0.8732    0.8249       205\n             Soybean-mintill     0.9854    0.5782    0.7287       467\n               Soybean-clean     0.5046    0.9160    0.6507       119\n                       Wheat     0.8250    1.0000    0.9041        33\n                       Woods     0.9506    0.9747    0.9625       237\nBuildings-Grass-Trees-Drives     0.8716    0.9896    0.9268        96\n          Stone-Steel-Towers     0.6667    1.0000    0.8000        16\n\n                    accuracy                         0.8315      2024\n                   macro avg     0.7766    0.9128    0.8055      2024\n                weighted avg     0.8701    0.8315    0.8332      2024\n",
        "oa": 83.15217391304348,
        "confusion": "[[ 10   0   0   0   0   0   0   0   0   1   0   0   0   0   0   0]\n [  0 226   1   0   0   2   0   0   0  31   4   2   0   1   1   0]\n [  0   0 146   4  10   0   0   0   0   0   0   9   6   0   0   0]\n [  0   0   0  34   0   0   0   0   0   0   0   4   0   0   0   0]\n [  0   0  10   0  85   0   2   0   0   0   0   0   0   0   0   0]\n [  0   0   0   0   1 140   0   0  11   0   0   1   0   0   0   0]\n [  0   0   0   0   0   0   4   0   0   0   0   0   0   0   0   0]\n [  0   0   0   0   0   0   0 104   0   0   0   0   0   0   0   0]\n [  0   0   0   0   0   0   0   0   1   0   0   0   0   0   0   0]\n [  0   5   6   0   4   0   0   0   0 179   0  10   0   1   0   0]\n [  0  23  35   0  16   6   1   1   1  16 270  81   1  10   6   0]\n [  0   0   0   0   0   0   0   0   0   1   0 109   0   0   1   8]\n [  0   0   0   0   0   0   0   0   0   0   0   0  33   0   0   0]\n [  0   0   0   0   0   0   0   0   0   0   0   0   0 231   6   0]\n [  0   0   0   0   0   0   0   0   0   1   0   0   0   0  95   0]\n [  0   0   0   0   0   0   0   0   0   0   0   0   0   0   0  16]]",
        "each_acc": "[ 90.90909091  84.32835821  83.42857143  89.47368421  87.62886598\n  91.50326797 100.         100.         100.          87.31707317\n  57.81584582  91.59663866 100.          97.46835443  98.95833333\n 100.        ]",
        "aa": 91.27675525779372,
        "kappa": 81.23009118383978
    }
}