{
    "epoch_loss": {
        "type": "index_value",
        "index": [
            1,
            2,
            3,
            4,
            5,
            6,
            7,
            8,
            9,
            10
        ],
        "value": [
            2.8317623659968376,
            2.3775958567857742,
            1.8535194545984268,
            1.5899513587355614,
            1.2676611207425594,
            1.1200765334069729,
            0.9978437665849924,
            0.8208500314503908,
            0.7728370539844036,
            0.5983940530568361
        ]
    },
    "eval_time": 0.0,
    "param": {
        "data": {
            "data_sign": "Indian",
            "data_file": "Indian_10",
            "patch_size": 13,
            "batch_size": 65,
            "num_classes": 16,
            "pca": 200,
            "dim_heads": 64,
            "spectral_size": 200
        },
        "net": {
            "trainer": "rwkvformer",
            "depth": 4,
            "dim": 64,
            "heads": 24,
            "kernal": 5,
            "padding": 2
        },
        "train": {
            "epochs": 10,
            "lr": 0.001,
            "weight_decay": 0
        },
        "uniq_name": "Indian_test"
    },
    "eval": {
        "classification": "                              precision    recall  f1-score   support\n\n                     Alfalfa     0.2590    1.0000    0.4114        36\n                 Corn-notill     0.6525    0.6079    0.6294      1418\n                Corn-mintill     0.5558    0.3768    0.4491       820\n                        Corn     0.3849    0.9427    0.5466       227\n               Grass-pasture     0.9009    0.8076    0.8517       473\n                 Grass-trees     0.8067    0.9681    0.8801       720\n         Grass-pasture-mowed     0.2687    1.0000    0.4235        18\n               Hay-windrowed     0.9837    0.7735    0.8660       468\n                        Oats     0.0538    1.0000    0.1020        10\n              Soybean-notill     0.6575    0.5988    0.6268       962\n             Soybean-mintill     0.7121    0.5746    0.6360      2445\n               Soybean-clean     0.5309    0.7667    0.6274       583\n                       Wheat     0.8622    0.9949    0.9238       195\n                       Woods     0.9701    0.9036    0.9356      1255\nBuildings-Grass-Trees-Drives     0.7183    0.8138    0.7631       376\n          Stone-Steel-Towers     0.8557    1.0000    0.9222        83\n\n                    accuracy                         0.6973     10089\n                   macro avg     0.6358    0.8206    0.6622     10089\n                weighted avg     0.7295    0.6973    0.7029     10089\n",
        "oa": 69.72940826642878,
        "confusion": "[[  36    0    0    0    0    0    0    0    0    0    0    0    0    0\n     0    0]\n [   0  862   44  109    5    8    4    2   23   99  218   30    0    5\n     7    2]\n [   2   70  309  124    4    2    0    0   48   19  120  102   16    1\n     3    0]\n [   0    4    2  214    0    0    0    0    4    0    2    1    0    0\n     0    0]\n [   0   11    4   17  382   13   13    0   17    0    1    0    2    1\n    12    0]\n [   0    0    0    4    8  697    0    0    8    1    0    0    0    1\n     1    0]\n [   0    0    0    0    0    0   18    0    0    0    0    0    0    0\n     0    0]\n [  96    0    0    1    0    0    7  362    0    0    0    0    1    0\n     1    0]\n [   0    0    0    0    0    0    0    0   10    0    0    0    0    0\n     0    0]\n [   1   69   31    8    4   24    8    0   23  576  209    3    0    3\n     3    0]\n [   0  288  140   17    8   82   17    2   31  179 1405  258    8    3\n     6    1]\n [   0   15   25   50    1    0    0    0    9    1   16  447    1    1\n     6   11]\n [   0    0    0    0    0    0    0    0    1    0    0    0  194    0\n     0    0]\n [   4    1    1    2   11    9    0    1    8    0    1    1    1 1134\n    81    0]\n [   0    1    0   10    1   29    0    1    4    1    1    0    2   20\n   306    0]\n [   0    0    0    0    0    0    0    0    0    0    0    0    0    0\n     0   83]]",
        "each_acc": "[100.          60.78984485  37.68292683  94.27312775  80.76109937\n  96.80555556 100.          77.35042735 100.          59.87525988\n  57.46421268  76.67238422  99.48717949  90.35856574  81.38297872\n 100.        ]",
        "aa": 82.05647265172475,
        "kappa": 65.95113616918364
    }
}