{
    "epoch_loss": {
        "type": "index_value",
        "index": [
            1,
            2,
            3,
            4,
            5,
            6,
            7,
            8,
            9,
            10,
            11,
            12,
            13,
            14,
            15,
            16,
            17,
            18,
            19,
            20,
            21,
            22,
            23,
            24,
            25
        ],
        "value": [
            2.877663165330887,
            2.395373336970806,
            1.9404311887919903,
            1.5394223146140575,
            1.2742354236543179,
            1.1459006927907467,
            0.9707807078957558,
            0.8415572382509708,
            0.7093971353024244,
            0.6659075301140547,
            0.5339943757280707,
            0.46853628382086754,
            0.42195594776421785,
            0.38975466415286064,
            0.2773179169744253,
            0.26509517850354314,
            0.2386142727918923,
            0.19557128567248583,
            0.1870279787108302,
            0.1675369623117149,
            0.15646737441420555,
            0.12540917936712503,
            0.10132608260028064,
            0.11617242661304772,
            0.07394546619616449
        ]
    },
    "eval_time": 0.0,
    "param": {
        "data": {
            "data_sign": "Indian",
            "data_file": "Indian_10",
            "patch_size": 13,
            "batch_size": 65,
            "num_classes": 16,
            "pca": 200,
            "dim_heads": 64,
            "spectral_size": 200
        },
        "net": {
            "trainer": "rwkvformer",
            "depth": 4,
            "dim": 64,
            "heads": 24,
            "kernal": 5,
            "padding": 2
        },
        "train": {
            "epochs": 25,
            "lr": 0.001,
            "weight_decay": 0
        },
        "uniq_name": "Indian_test"
    },
    "eval": {
        "classification": "                              precision    recall  f1-score   support\n\n                     Alfalfa     0.7609    0.9722    0.8537        36\n                 Corn-notill     0.6650    0.7362    0.6988      1418\n                Corn-mintill     0.4962    0.7159    0.5861       820\n                        Corn     0.6630    0.7974    0.7240       227\n               Grass-pasture     0.9612    0.8901    0.9243       473\n                 Grass-trees     0.9375    0.9792    0.9579       720\n         Grass-pasture-mowed     0.5143    1.0000    0.6792        18\n               Hay-windrowed     1.0000    0.9338    0.9657       468\n                        Oats     0.5882    1.0000    0.7407        10\n              Soybean-notill     0.7133    0.7474    0.7299       962\n             Soybean-mintill     0.8131    0.6049    0.6937      2445\n               Soybean-clean     0.7064    0.7221    0.7142       583\n                       Wheat     0.9848    0.9949    0.9898       195\n                       Woods     0.9825    0.9386    0.9601      1255\nBuildings-Grass-Trees-Drives     0.7991    0.8989    0.8461       376\n          Stone-Steel-Towers     0.8646    1.0000    0.9274        83\n\n                    accuracy                         0.7781     10089\n                   macro avg     0.7781    0.8707    0.8120     10089\n                weighted avg     0.7953    0.7781    0.7803     10089\n",
        "oa": 77.8075131331152,
        "confusion": "[[  35    0    0    0    0    0    0    0    0    1    0    0    0    0\n     0    0]\n [   0 1044  115   14    0    3    0    0    0   98  139    3    0    0\n     2    0]\n [   0   58  587   41    0    0    0    0    1    7   80   43    2    1\n     0    0]\n [   0   26   15  181    0    0    0    0    3    0    0    0    0    0\n     2    0]\n [   0   25    8    5  421    3    7    0    0    2    2    0    0    0\n     0    0]\n [   0    3    1    1    6  705    0    0    2    2    0    0    0    0\n     0    0]\n [   0    0    0    0    0    0   18    0    0    0    0    0    0    0\n     0    0]\n [   9    3    4    0    0    0    5  437    0    0    3    0    0    0\n     7    0]\n [   0    0    0    0    0    0    0    0   10    0    0    0    0    0\n     0    0]\n [   0   70   54    0    3   10    3    0    1  719  101    1    0    0\n     0    0]\n [   2  307  319    0    3   22    2    0    0  176 1479  128    1    1\n     5    0]\n [   0   27   75   30    0    0    0    0    0    2   14  421    0    0\n     1   13]\n [   0    0    0    0    0    0    0    0    0    0    1    0  194    0\n     0    0]\n [   0    2    2    0    5    0    0    0    0    0    0    0    0 1178\n    68    0]\n [   0    5    3    1    0    9    0    0    0    1    0    0    0   19\n   338    0]\n [   0    0    0    0    0    0    0    0    0    0    0    0    0    0\n     0   83]]",
        "each_acc": "[ 97.22222222  73.6248237   71.58536585  79.73568282  89.00634249\n  97.91666667 100.          93.37606838 100.          74.74012474\n  60.49079755  72.21269297  99.48717949  93.86454183  89.89361702\n 100.        ]",
        "aa": 87.07225785767072,
        "kappa": 74.92845806073257
    }
}