{
    "epoch_loss": {
        "type": "index_value",
        "index": [
            1,
            2,
            3,
            4,
            5,
            6,
            7,
            8,
            9,
            10,
            11,
            12,
            13,
            14,
            15,
            16,
            17,
            18,
            19,
            20,
            21,
            22,
            23,
            24,
            25,
            26,
            27,
            28,
            29,
            30,
            31,
            32,
            33,
            34,
            35,
            36,
            37,
            38,
            39,
            40,
            41,
            42,
            43,
            44,
            45,
            46,
            47,
            48,
            49,
            50
        ],
        "value": [
            2.729392260313034,
            2.1604182049632072,
            1.5621514469385147,
            1.0645237304270267,
            0.8177452590316534,
            0.5797088984400034,
            0.44333127047866583,
            0.32435951568186283,
            0.2570193991996348,
            0.20719827758148313,
            0.1632076590321958,
            0.12689348100684583,
            0.1179637189488858,
            0.0726074252743274,
            0.07883183215744793,
            0.05913196946494281,
            0.054274211754091084,
            0.042625138303264976,
            0.045182845438830554,
            0.041642727679573,
            0.03273249481571838,
            0.030942930665332824,
            0.02657327032648027,
            0.02775627124356106,
            0.02405476482817903,
            0.023466425947844982,
            0.028518441773485392,
            0.02333261794410646,
            0.02088634780375287,
            0.017318696394795552,
            0.01921474584378302,
            0.016573305532801896,
            0.013664691272424534,
            0.014609412057325244,
            0.015855900390306488,
            0.01601687606307678,
            0.015528886142419651,
            0.013737077068071812,
            0.011650036554783583,
            0.012980890285689384,
            0.011402378557249904,
            0.01052220189012587,
            0.013103889039484784,
            0.010419377736980096,
            0.00935353760723956,
            0.011442019342212006,
            0.013214064558269456,
            0.009447162912692875,
            0.008649328316096216,
            0.009135963613516651
        ]
    },
    "train_oa": {
        "type": "index_value",
        "index": [
            26
        ],
        "value": [
            86.12350084250173
        ]
    },
    "train_aa": {
        "type": "index_value",
        "index": [
            26
        ],
        "value": [
            93.39433963714261
        ]
    },
    "train_kappa": {
        "type": "index_value",
        "index": [
            26
        ],
        "value": [
            84.3876741479919
        ]
    },
    "eval_time": 0.0,
    "param": {
        "data": {
            "data_sign": "Indian",
            "data_file": "Indian_10",
            "patch_size": 13,
            "batch_size": 65,
            "num_classes": 16,
            "pca": 200,
            "dim_heads": 64,
            "spectral_size": 200
        },
        "net": {
            "trainer": "rwkvformer",
            "depth": 4,
            "dim": 64,
            "heads": 24,
            "kernal": 5,
            "padding": 2
        },
        "train": {
            "epochs": 50,
            "lr": 0.001,
            "weight_decay": 0
        },
        "uniq_name": "Indian_test"
    },
    "eval": {
        "classification": "                              precision    recall  f1-score   support\n\n                     Alfalfa     1.0000    1.0000    1.0000        36\n                 Corn-notill     0.9028    0.7856    0.8401      1418\n                Corn-mintill     0.7201    0.8659    0.7863       820\n                        Corn     0.8401    0.9956    0.9113       227\n               Grass-pasture     0.7734    0.9091    0.8358       473\n                 Grass-trees     0.8729    0.9542    0.9117       720\n         Grass-pasture-mowed     0.6429    1.0000    0.7826        18\n               Hay-windrowed     0.9551    1.0000    0.9770       468\n                        Oats     0.2326    1.0000    0.3774        10\n              Soybean-notill     0.8112    0.8753    0.8420       962\n             Soybean-mintill     0.9586    0.6912    0.8032      2445\n               Soybean-clean     0.6778    0.8731    0.7631       583\n                       Wheat     0.8435    0.9949    0.9129       195\n                       Woods     0.9561    0.9880    0.9718      1255\nBuildings-Grass-Trees-Drives     0.7927    0.9867    0.8791       376\n          Stone-Steel-Towers     0.7345    1.0000    0.8469        83\n\n                    accuracy                         0.8552     10089\n                   macro avg     0.7946    0.9325    0.8401     10089\n                weighted avg     0.8718    0.8552    0.8547     10089\n",
        "oa": 85.51888195063931,
        "confusion": "[[  36    0    0    0    0    0    0    0    0    0    0    0    0    0\n     0    0]\n [   0 1114   78    0   19   26    0    0    0   67   73    1    0   12\n    28    0]\n [   0    0  710   25    8    0    0    0    9   18    0   16   34    0\n     0    0]\n [   0    0    0  226    0    0    0    0    0    0    0    1    0    0\n     0    0]\n [   0    0   30    0  430    0   10    0    0    0    0    2    1    0\n     0    0]\n [   0    0    2    0    3  687    0    0   24    0    0    4    0    0\n     0    0]\n [   0    0    0    0    0    0   18    0    0    0    0    0    0    0\n     0    0]\n [   0    0    0    0    0    0    0  468    0    0    0    0    0    0\n     0    0]\n [   0    0    0    0    0    0    0    0   10    0    0    0    0    0\n     0    0]\n [   0   45   31    0   21    0    0    0    0  842    0   11    0   12\n     0    0]\n [   0   75  135    0   70   74    0   20    0   98 1690  207    1   33\n    42    0]\n [   0    0    0   18    0    0    0    0    0   11    0  509    0    0\n    15   30]\n [   0    0    0    0    1    0    0    0    0    0    0    0  194    0\n     0    0]\n [   0    0    0    0    0    0    0    2    0    1    0    0    0 1240\n    12    0]\n [   0    0    0    0    4    0    0    0    0    1    0    0    0    0\n   371    0]\n [   0    0    0    0    0    0    0    0    0    0    0    0    0    0\n     0   83]]",
        "each_acc": "[100.          78.56135402  86.58536585  99.55947137  90.90909091\n  95.41666667 100.         100.         100.          87.52598753\n  69.1206544   87.30703259  99.48717949  98.80478088  98.67021277\n 100.        ]",
        "aa": 93.24673727857493,
        "kappa": 83.71312361211004
    }
}