{
    "epoch_loss": {
        "type": "index_value",
        "index": [
            1,
            2,
            3,
            4,
            5,
            6,
            7,
            8,
            9,
            10,
            11,
            12,
            13,
            14,
            15,
            16,
            17,
            18,
            19,
            20,
            21,
            22,
            23,
            24,
            25,
            26,
            27,
            28,
            29,
            30,
            31,
            32,
            33,
            34,
            35,
            36,
            37,
            38,
            39,
            40
        ],
        "value": [
            2.7334397995649877,
            2.0483785084824064,
            1.467147151036049,
            1.1303952896772926,
            0.893788104181859,
            0.7400129579786044,
            0.6290840457624464,
            0.5384441069257793,
            0.47934979333806393,
            0.4051439477436578,
            0.37401236615963834,
            0.34839719089109505,
            0.31167318816505263,
            0.2730103300800964,
            0.2631582950255764,
            0.24844664424213012,
            0.21201046889842445,
            0.21357746088682716,
            0.2185019756208605,
            0.19338702210294667,
            0.15412986245173127,
            0.1495857597398224,
            0.16092028157479726,
            0.12659072681371844,
            0.12111569746439137,
            0.10027639957061454,
            0.10785252851114344,
            0.09411289915442467,
            0.1039134116648738,
            0.09266051277518272,
            0.10386358479510492,
            0.07527656258264584,
            0.10581768476473752,
            0.07861575720581546,
            0.10191279065920346,
            0.11242777170307601,
            0.1231172923832687,
            0.13673167825857205,
            0.0991402061016702,
            0.10321873726684656
        ]
    },
    "train_oa": {
        "type": "index_value",
        "index": [
            26
        ],
        "value": [
            81.81818181818183
        ]
    },
    "train_aa": {
        "type": "index_value",
        "index": [
            26
        ],
        "value": [
            91.70041203094614
        ]
    },
    "train_kappa": {
        "type": "index_value",
        "index": [
            26
        ],
        "value": [
            79.76527862296791
        ]
    },
    "eval_time": 0.0,
    "param": {
        "data": {
            "data_sign": "Indian",
            "data_file": "Indian_10",
            "patch_size": 13,
            "batch_size": 65,
            "num_classes": 16,
            "pca": 200,
            "dim_heads": 64,
            "spectral_size": 200
        },
        "net": {
            "trainer": "rwkvformer",
            "depth": 4,
            "dim": 64,
            "mlp_dim": 8,
            "heads": 24,
            "kernal": 6,
            "padding": 2,
            "n_head": 4,
            "ctx_len": 169,
            "n_attn": 512,
            "head_size": 12,
            "n_embd": 128,
            "n_embd1": 512,
            "n_ffn": 64,
            "rwkv_tiny_attn": 64,
            "rwkv_tiny_head": 4
        },
        "train": {
            "epochs": 40,
            "lr": 0.001,
            "weight_decay": 0
        },
        "uniq_name": "Indian_test"
    },
    "eval": {
        "classification": "                              precision    recall  f1-score   support\n\n                     Alfalfa     1.0000    1.0000    1.0000        11\n                 Corn-notill     0.9124    0.6604    0.7662       268\n                Corn-mintill     0.5693    0.8686    0.6878       175\n                        Corn     0.9250    0.9737    0.9487        38\n               Grass-pasture     0.7982    0.9381    0.8626        97\n                 Grass-trees     0.9231    0.9412    0.9320       153\n         Grass-pasture-mowed     0.5714    1.0000    0.7273         4\n               Hay-windrowed     1.0000    1.0000    1.0000       104\n                        Oats     0.0714    1.0000    0.1333         1\n              Soybean-notill     0.8859    0.7951    0.8380       205\n             Soybean-mintill     0.9393    0.6959    0.7995       467\n               Soybean-clean     0.7273    0.8739    0.7939       119\n                       Wheat     0.8462    1.0000    0.9167        33\n                       Woods     0.9240    0.9747    0.9487       237\nBuildings-Grass-Trees-Drives     0.7402    0.9792    0.8430        96\n          Stone-Steel-Towers     0.5714    1.0000    0.7273        16\n\n                    accuracy                         0.8335      2024\n                   macro avg     0.7753    0.9188    0.8078      2024\n                weighted avg     0.8642    0.8335    0.8366      2024\n",
        "oa": 83.3498023715415,
        "confusion": "[[ 11   0   0   0   0   0   0   0   0   0   0   0   0   0   0   0]\n [  0 177  49   0   2   3   0   0   0  14  18   0   0   1   4   0]\n [  0   0 152   3   4   0   0   0   3   0   0  10   3   0   0   0]\n [  0   0   0  37   0   0   0   0   0   0   0   1   0   0   0   0]\n [  0   0   1   0  91   0   3   0   0   0   0   1   0   1   0   0]\n [  0   0   0   0   0 144   0   0   9   0   0   0   0   0   0   0]\n [  0   0   0   0   0   0   4   0   0   0   0   0   0   0   0   0]\n [  0   0   0   0   0   0   0 104   0   0   0   0   0   0   0   0]\n [  0   0   0   0   0   0   0   0   1   0   0   0   0   0   0   0]\n [  0   0  20   0  13   0   0   0   0 163   3   2   1   3   0   0]\n [  0  17  45   0   3   9   0   0   1   5 325  24   2  14  22   0]\n [  0   0   0   0   0   0   0   0   0   2   0 104   0   0   1  12]\n [  0   0   0   0   0   0   0   0   0   0   0   0  33   0   0   0]\n [  0   0   0   0   0   0   0   0   0   0   0   0   0 231   6   0]\n [  0   0   0   0   1   0   0   0   0   0   0   1   0   0  94   0]\n [  0   0   0   0   0   0   0   0   0   0   0   0   0   0   0  16]]",
        "each_acc": "[100.          66.04477612  86.85714286  97.36842105  93.81443299\n  94.11764706 100.         100.         100.          79.51219512\n  69.59314775  87.39495798 100.          97.46835443  97.91666667\n 100.        ]",
        "aa": 91.88048387696803,
        "kappa": 81.36849080754713
    }
}