{
    "epoch_loss": {
        "type": "index_value",
        "index": [
            1,
            2,
            3,
            4,
            5,
            6,
            7,
            8,
            9,
            10,
            11,
            12,
            13,
            14,
            15,
            16,
            17,
            18,
            19,
            20,
            21,
            22,
            23,
            24,
            25,
            26,
            27,
            28,
            29,
            30,
            31,
            32,
            33,
            34,
            35,
            36,
            37,
            38,
            39,
            40
        ],
        "value": [
            2.738657632870461,
            2.068315385882534,
            1.5534155778030851,
            1.213634229418057,
            1.0123484757409167,
            0.7900994308848879,
            0.6493960863618709,
            0.5612734783051619,
            0.5031185855171574,
            0.3802461808741982,
            0.3226046953628312,
            0.2645682877124245,
            0.23725280788407396,
            0.21085427256662453,
            0.1876873905534175,
            0.16706145699344463,
            0.15959554955140867,
            0.1567267269563319,
            0.17057692203948746,
            0.1496146438059522,
            0.11681543096010365,
            0.12607708717904872,
            0.1017804878082738,
            0.09231492999329496,
            0.1031509627824399,
            0.09573220506088058,
            0.09715698203488962,
            0.10608254578798565,
            0.12921966073005947,
            0.09507848494755688,
            0.09511177558729898,
            0.09211186269548402,
            0.07213732683614119,
            0.07125267934109737,
            0.07235057362869604,
            0.08793858633334957,
            0.08005350552944106,
            0.06818326431979883,
            0.04829547862842012,
            0.08047686072427836
        ]
    },
    "train_oa": {
        "type": "index_value",
        "index": [
            26
        ],
        "value": [
            84.78260869565217
        ]
    },
    "train_aa": {
        "type": "index_value",
        "index": [
            26
        ],
        "value": [
            92.07953194333525
        ]
    },
    "train_kappa": {
        "type": "index_value",
        "index": [
            26
        ],
        "value": [
            82.96679876629295
        ]
    },
    "eval_time": 0.0,
    "param": {
        "data": {
            "data_sign": "Indian",
            "data_file": "Indian_10",
            "patch_size": 13,
            "batch_size": 65,
            "num_classes": 16,
            "pca": 200,
            "dim_heads": 64,
            "spectral_size": 200
        },
        "net": {
            "trainer": "rwkvformer",
            "depth": 4,
            "dim": 64,
            "mlp_dim": 8,
            "heads": 24,
            "kernal": 6,
            "padding": 2,
            "n_head": 4,
            "ctx_len": 169,
            "n_attn": 512,
            "head_size": 12,
            "n_embd": 128,
            "n_embd1": 512,
            "n_ffn": 64,
            "rwkv_tiny_attn": 64,
            "rwkv_tiny_head": 4
        },
        "train": {
            "epochs": 40,
            "lr": 0.001,
            "weight_decay": 0
        },
        "uniq_name": "Indian_test"
    },
    "eval": {
        "classification": "                              precision    recall  f1-score   support\n\n                     Alfalfa     0.9167    1.0000    0.9565        11\n                 Corn-notill     0.9574    0.6716    0.7895       268\n                Corn-mintill     0.6917    0.9486    0.8000       175\n                        Corn     0.9444    0.8947    0.9189        38\n               Grass-pasture     0.9293    0.9485    0.9388        97\n                 Grass-trees     0.9299    0.9542    0.9419       153\n         Grass-pasture-mowed     1.0000    1.0000    1.0000         4\n               Hay-windrowed     0.9905    1.0000    0.9952       104\n                        Oats     0.0909    1.0000    0.1667         1\n              Soybean-notill     0.7097    0.8585    0.7770       205\n             Soybean-mintill     0.9472    0.7302    0.8247       467\n               Soybean-clean     0.6735    0.8319    0.7444       119\n                       Wheat     0.9429    1.0000    0.9706        33\n                       Woods     0.9476    0.9916    0.9691       237\nBuildings-Grass-Trees-Drives     0.9109    0.9583    0.9340        96\n          Stone-Steel-Towers     0.4848    1.0000    0.6531        16\n\n                    accuracy                         0.8547      2024\n                   macro avg     0.8167    0.9243    0.8363      2024\n                weighted avg     0.8804    0.8547    0.8571      2024\n",
        "oa": 85.47430830039525,
        "confusion": "[[ 11   0   0   0   0   0   0   0   0   0   0   0   0   0   0   0]\n [  0 180  25   0   0   3   0   0   0  42  16   0   0   2   0   0]\n [  0   0 166   2   0   0   0   0   3   0   0   2   2   0   0   0]\n [  0   0   1  34   0   0   0   0   0   0   0   3   0   0   0   0]\n [  0   0   5   0  92   0   0   0   0   0   0   0   0   0   0   0]\n [  0   0   0   0   0 146   0   0   7   0   0   0   0   0   0   0]\n [  0   0   0   0   0   0   4   0   0   0   0   0   0   0   0   0]\n [  0   0   0   0   0   0   0 104   0   0   0   0   0   0   0   0]\n [  0   0   0   0   0   0   0   0   1   0   0   0   0   0   0   0]\n [  1   0  11   0   4   1   0   0   0 176   3   3   0   4   2   0]\n [  0   8  31   0   2   6   0   1   0  25 341  40   0   7   6   0]\n [  0   0   0   0   0   0   0   0   0   3   0  99   0   0   0  17]\n [  0   0   0   0   0   0   0   0   0   0   0   0  33   0   0   0]\n [  0   0   0   0   0   1   0   0   0   0   0   0   0 235   1   0]\n [  0   0   1   0   1   0   0   0   0   2   0   0   0   0  92   0]\n [  0   0   0   0   0   0   0   0   0   0   0   0   0   0   0  16]]",
        "each_acc": "[100.          67.1641791   94.85714286  89.47368421  94.84536082\n  95.4248366  100.         100.         100.          85.85365854\n  73.01927195  83.19327731 100.          99.15611814  95.83333333\n 100.        ]",
        "aa": 92.4263039294442,
        "kappa": 83.70385097903252
    }
}