{
    "epoch_loss": {
        "type": "index_value",
        "index": [
            1,
            2,
            3,
            4,
            5,
            6,
            7,
            8,
            9,
            10,
            11,
            12,
            13,
            14,
            15,
            16,
            17,
            18,
            19,
            20
        ],
        "value": [
            2.558837652206421,
            1.6981673538684845,
            1.1523376144468784,
            0.8554741349071264,
            0.6550998073071241,
            0.5096979793161154,
            0.3808611901476979,
            0.28614079486578703,
            0.24807263584807515,
            0.17875749804079533,
            0.14035921916365623,
            0.11129386583343148,
            0.09052492235787213,
            0.08326074667274952,
            0.06338290486019105,
            0.06034324539359659,
            0.04958099010400474,
            0.04686696850694716,
            0.03889719257131219,
            0.03391273960005492
        ]
    },
    "eval_time": 0.0,
    "param": {
        "data": {
            "data_sign": "Indian",
            "data_file": "Indian_10",
            "patch_size": 13,
            "batch_size": 65,
            "num_classes": 16,
            "pca": 200,
            "dim_heads": 64,
            "spectral_size": 200
        },
        "net": {
            "trainer": "rwkvformer",
            "depth": 4,
            "dim": 64,
            "heads": 24,
            "kernal": 6,
            "padding": 2,
            "n_head": 1,
            "ctx_len": 169,
            "n_attn": 512,
            "head_size": 12,
            "n_embd": 128,
            "n_embd1": 512,
            "n_ffn": 256,
            "rwkv_tiny_attn": 64,
            "rwkv_tiny_head": 4
        },
        "train": {
            "epochs": 20,
            "lr": 0.001,
            "weight_decay": 0
        },
        "uniq_name": "Indian_test"
    },
    "eval": {
        "classification": "                              precision    recall  f1-score   support\n\n                     Alfalfa     1.0000    1.0000    1.0000        36\n                 Corn-notill     0.8768    0.8131    0.8438      1418\n                Corn-mintill     0.7185    0.8000    0.7571       820\n                        Corn     0.8506    0.9780    0.9098       227\n               Grass-pasture     0.7397    0.9070    0.8148       473\n                 Grass-trees     0.8902    0.9347    0.9119       720\n         Grass-pasture-mowed     0.6667    1.0000    0.8000        18\n               Hay-windrowed     0.9894    1.0000    0.9947       468\n                        Oats     0.2000    1.0000    0.3333        10\n              Soybean-notill     0.7536    0.8773    0.8108       962\n             Soybean-mintill     0.9695    0.6757    0.7963      2445\n               Soybean-clean     0.7280    0.8954    0.8031       583\n                       Wheat     0.7769    1.0000    0.8744       195\n                       Woods     0.9704    0.9912    0.9807      1255\nBuildings-Grass-Trees-Drives     0.7296    0.9761    0.8350       376\n          Stone-Steel-Towers     0.8119    0.9880    0.8913        83\n\n                    accuracy                         0.8495     10089\n                   macro avg     0.7920    0.9273    0.8348     10089\n                weighted avg     0.8683    0.8495    0.8494     10089\n",
        "oa": 84.95391019922688,
        "confusion": "[[  36    0    0    0    0    0    0    0    0    0    0    0    0    0\n     0    0]\n [   0 1153   80    0    3   23    0    0    0   74   52    0    0    9\n    24    0]\n [   0    0  656   23   20    0    0    0    7   17    0   43   54    0\n     0    0]\n [   0    0    0  222    0    0    0    0    0    0    0    5    0    0\n     0    0]\n [   0    0   33    0  429    0    9    0    0    0    0    2    0    0\n     0    0]\n [   0    4    0    0    4  673    0    0   33    0    0    6    0    0\n     0    0]\n [   0    0    0    0    0    0   18    0    0    0    0    0    0    0\n     0    0]\n [   0    0    0    0    0    0    0  468    0    0    0    0    0    0\n     0    0]\n [   0    0    0    0    0    0    0    0   10    0    0    0    0    0\n     0    0]\n [   0   56   41    0    2    0    0    0    0  844    0    9    0   10\n     0    0]\n [   0  101  103    0  118   60    0    4    0  166 1652  130    2   19\n    90    0]\n [   0    0    0   16    0    0    0    0    0   12    0  522    0    0\n    14   19]\n [   0    0    0    0    0    0    0    0    0    0    0    0  195    0\n     0    0]\n [   0    0    0    0    0    0    0    1    0    2    0    0    0 1244\n     8    0]\n [   0    0    0    0    4    0    0    0    0    5    0    0    0    0\n   367    0]\n [   0    1    0    0    0    0    0    0    0    0    0    0    0    0\n     0   82]]",
        "each_acc": "[100.          81.31170663  80.          97.79735683  90.69767442\n  93.47222222 100.         100.         100.          87.73388773\n  67.56646217  89.53687822 100.          99.12350598  97.60638298\n  98.79518072]",
        "aa": 92.72757861834292,
        "kappa": 83.08768940957722
    }
}