{
    "epoch_loss": {
        "type": "index_value",
        "index": [
            1,
            2,
            3,
            4,
            5,
            6,
            7,
            8,
            9,
            10,
            11,
            12,
            13,
            14,
            15,
            16,
            17,
            18,
            19,
            20
        ],
        "value": [
            2.773343399167061,
            2.4101090282201767,
            1.6730663105845451,
            1.1770397499203682,
            0.8358121551573277,
            0.5903444718569517,
            0.42533219140022993,
            0.30707537569105625,
            0.23065341264009476,
            0.1806622394360602,
            0.15941791096702218,
            0.1189699626993388,
            0.0897974562831223,
            0.0775958455633372,
            0.05989422567654401,
            0.061018229578621686,
            0.05578202637843788,
            0.04117698350455612,
            0.041862361249513924,
            0.04028719407506287
        ]
    },
    "eval_time": 0.0,
    "param": {
        "data": {
            "data_sign": "Indian",
            "data_file": "Indian_10",
            "patch_size": 13,
            "batch_size": 65,
            "num_classes": 16,
            "pca": 200,
            "dim_heads": 64,
            "spectral_size": 200
        },
        "net": {
            "trainer": "rwkvformer",
            "depth": 4,
            "dim": 64,
            "heads": 24,
            "kernal": 6,
            "padding": 2,
            "n_head": 1,
            "ctx_len": 169,
            "n_attn": 512,
            "head_size": 12,
            "n_embd": 128,
            "n_embd1": 512,
            "n_ffn": 256,
            "rwkv_tiny_attn": 64,
            "rwkv_tiny_head": 4
        },
        "train": {
            "epochs": 20,
            "lr": 0.001,
            "weight_decay": 0
        },
        "uniq_name": "Indian_test"
    },
    "eval": {
        "classification": "                              precision    recall  f1-score   support\n\n                     Alfalfa     0.9730    1.0000    0.9863        36\n                 Corn-notill     0.9278    0.7708    0.8421      1418\n                Corn-mintill     0.7189    0.7951    0.7551       820\n                        Corn     0.8544    0.9824    0.9139       227\n               Grass-pasture     0.8282    0.9577    0.8882       473\n                 Grass-trees     0.8787    0.9458    0.9110       720\n         Grass-pasture-mowed     0.9474    1.0000    0.9730        18\n               Hay-windrowed     0.9730    1.0000    0.9863       468\n                        Oats     0.1613    1.0000    0.2778        10\n              Soybean-notill     0.6918    0.8960    0.7808       962\n             Soybean-mintill     0.9665    0.6957    0.8090      2445\n               Soybean-clean     0.7129    0.8816    0.7883       583\n                       Wheat     0.7959    1.0000    0.8864       195\n                       Woods     0.9733    0.9888    0.9810      1255\nBuildings-Grass-Trees-Drives     0.8074    0.9814    0.8860       376\n          Stone-Steel-Towers     0.7034    1.0000    0.8259        83\n\n                    accuracy                         0.8523     10089\n                   macro avg     0.8071    0.9310    0.8432     10089\n                weighted avg     0.8738    0.8523    0.8533     10089\n",
        "oa": 85.23144018237684,
        "confusion": "[[  36    0    0    0    0    0    0    0    0    0    0    0    0    0\n     0    0]\n [   1 1093  142    0    0   22    0    0    0   60   57    1    0    9\n    33    0]\n [   0    1  652   22   30    0    0    0   13   15    0   39   48    0\n     0    0]\n [   0    0    0  223    0    0    0    0    0    0    0    4    0    0\n     0    0]\n [   0    0   15    0  453    0    1    0    1    0    0    3    0    0\n     0    0]\n [   0    0    1    0    0  681    0    0   38    0    0    0    0    0\n     0    0]\n [   0    0    0    0    0    0   18    0    0    0    0    0    0    0\n     0    0]\n [   0    0    0    0    0    0    0  468    0    0    0    0    0    0\n     0    0]\n [   0    0    0    0    0    0    0    0   10    0    0    0    0    0\n     0    0]\n [   0   36   19    0   21    0    0    0    0  862    2   12    0   10\n     0    0]\n [   0   48   78    0   39   72    0    9    0  296 1701  148    2   15\n    37    0]\n [   0    0    0   16    0    0    0    0    0    7    0  514    0    0\n    11   35]\n [   0    0    0    0    0    0    0    0    0    0    0    0  195    0\n     0    0]\n [   0    0    0    0    0    0    0    4    0    3    0    0    0 1241\n     7    0]\n [   0    0    0    0    4    0    0    0    0    3    0    0    0    0\n   369    0]\n [   0    0    0    0    0    0    0    0    0    0    0    0    0    0\n     0   83]]",
        "each_acc": "[100.          77.08039492  79.51219512  98.23788546  95.77167019\n  94.58333333 100.         100.         100.          89.6049896\n  69.57055215  88.16466552 100.          98.88446215  98.13829787\n 100.        ]",
        "aa": 93.09677789560376,
        "kappa": 83.39280835261002
    }
}