{
    "epoch_loss": {
        "type": "index_value",
        "index": [
            1,
            2,
            3,
            4,
            5,
            6,
            7,
            8,
            9,
            10,
            11,
            12,
            13,
            14,
            15,
            16,
            17,
            18,
            19,
            20,
            21,
            22,
            23,
            24,
            25,
            26,
            27,
            28,
            29,
            30,
            31,
            32,
            33,
            34,
            35,
            36,
            37,
            38,
            39,
            40,
            41,
            42,
            43,
            44,
            45,
            46,
            47,
            48,
            49,
            50
        ],
        "value": [
            2.772856594911262,
            2.3909990840883397,
            1.8700735444453225,
            1.4763138890266418,
            1.2354304443544417,
            1.1209341981517735,
            0.9609587717412124,
            0.8099451834586129,
            0.7552000462119259,
            0.5970834742731123,
            0.580278988649596,
            0.5106788026307946,
            0.488246174000982,
            0.4078046003384377,
            0.38966624438762665,
            0.36229714884686826,
            0.3419705896235224,
            0.33838123994976727,
            0.2912634537735982,
            0.2751771861047887,
            0.32603159435649415,
            0.25098858262175944,
            0.23304875195026398,
            0.24575269111056827,
            0.21707995113596987,
            0.1809650024593766,
            0.18005490091754428,
            0.16092892580512744,
            0.16446982513167965,
            0.19086740188189408,
            0.19082862550198143,
            0.18609888184426435,
            0.2097892311971579,
            0.1911466564260312,
            0.2093509941625951,
            0.21811299626506978,
            0.1914643228276452,
            0.17075785249471664,
            0.15810902883757405,
            0.16912674548021003,
            0.15265017998085093,
            0.15534973044448824,
            0.15488010600431643,
            0.1253521639242101,
            0.12267209611721892,
            0.1465912992829707,
            0.12912580231899645,
            0.15717044878584235,
            0.14146308144971506,
            0.1307513619870392
        ]
    },
    "train_oa": {
        "type": "index_value",
        "index": [
            26
        ],
        "value": [
            32.75691699604743
        ]
    },
    "train_aa": {
        "type": "index_value",
        "index": [
            26
        ],
        "value": [
            40.70312166199438
        ]
    },
    "train_kappa": {
        "type": "index_value",
        "index": [
            26
        ],
        "value": [
            28.776986601717837
        ]
    },
    "eval_time": 0.0,
    "param": {
        "data": {
            "data_sign": "Indian",
            "data_file": "Indian_10",
            "patch_size": 13,
            "batch_size": 65,
            "num_classes": 16,
            "pca": 200,
            "dim_heads": 64,
            "spectral_size": 200
        },
        "net": {
            "trainer": "rwkvformer",
            "depth": 4,
            "dim": 64,
            "mlp_dim": 8,
            "heads": 24,
            "kernal": 5,
            "padding": 2,
            "n_head": 4,
            "ctx_len": 169,
            "n_attn": 512,
            "head_size": 12,
            "n_embd": 128,
            "n_embd1": 512,
            "n_ffn": 64,
            "rwkv_tiny_attn": 64,
            "rwkv_tiny_head": 4
        },
        "train": {
            "epochs": 50,
            "lr": 0.001,
            "weight_decay": 0
        },
        "uniq_name": "Indian_test"
    },
    "eval": {
        "classification": "                              precision    recall  f1-score   support\n\n                     Alfalfa     1.0000    0.5455    0.7059        11\n                 Corn-notill     0.7340    0.5149    0.6053       268\n                Corn-mintill     1.0000    0.0229    0.0447       175\n                        Corn     1.0000    0.5526    0.7119        38\n               Grass-pasture     0.0924    1.0000    0.1691        97\n                 Grass-trees     1.0000    0.6340    0.7760       153\n         Grass-pasture-mowed     0.0147    1.0000    0.0289         4\n               Hay-windrowed     1.0000    0.6635    0.7977       104\n                        Oats     0.0370    1.0000    0.0714         1\n              Soybean-notill     0.0000    0.0000    0.0000       205\n             Soybean-mintill     1.0000    0.0000    0.0000       467\n               Soybean-clean     1.0000    0.0168    0.0331       119\n                       Wheat     0.9545    0.6364    0.7636        33\n                       Woods     1.0000    0.8228    0.9028       237\nBuildings-Grass-Trees-Drives     0.9024    0.3854    0.5401        96\n          Stone-Steel-Towers     0.5714    1.0000    0.7273        16\n\n                    accuracy                         0.3498      2024\n                   macro avg     0.7067    0.5497    0.4299      2024\n                weighted avg     0.8088    0.3498    0.3605      2024\n",
        "oa": 34.980237154150196,
        "confusion": "[[  6   0   0   0   5   0   0   0   0   0   0   0   0   0   0   0]\n [  0 138   0   0 119   0  11   0   0   0   0   0   0   0   0   0]\n [  0  42   4   0 119   0   4   0   5   0   0   0   1   0   0   0]\n [  0   1   0  21  16   0   0   0   0   0   0   0   0   0   0   0]\n [  0   0   0   0  97   0   0   0   0   0   0   0   0   0   0   0]\n [  0   0   0   0  16  97  35   0   5   0   0   0   0   0   0   0]\n [  0   0   0   0   0   0   4   0   0   0   0   0   0   0   0   0]\n [  0   0   0   0   1   0  34  69   0   0   0   0   0   0   0   0]\n [  0   0   0   0   0   0   0   0   1   0   0   0   0   0   0   0]\n [  0   0   0   0 205   0   0   0   0   0   0   0   0   0   0   0]\n [  0   0   0   0 279   0 183   0   1   0   0   0   0   0   4   0]\n [  0   7   0   0  97   0   0   0   0   1   0   2   0   0   0  12]\n [  0   0   0   0  10   0   2   0   0   0   0   0  21   0   0   0]\n [  0   0   0   0  27   0   0   0  15   0   0   0   0 195   0   0]\n [  0   0   0   0  59   0   0   0   0   0   0   0   0   0  37   0]\n [  0   0   0   0   0   0   0   0   0   0   0   0   0   0   0  16]]",
        "each_acc": "[ 54.54545455  51.49253731   2.28571429  55.26315789 100.\n  63.39869281 100.          66.34615385 100.           0.\n   0.           1.68067227  63.63636364  82.27848101  38.54166667\n 100.        ]",
        "aa": 54.96680589253412,
        "kappa": 31.13570917770331
    }
}