{
    "epoch_loss": {
        "type": "index_value",
        "index": [
            1,
            2,
            3,
            4,
            5,
            6,
            7,
            8,
            9,
            10,
            11,
            12,
            13,
            14,
            15,
            16,
            17,
            18,
            19,
            20,
            21,
            22,
            23,
            24,
            25,
            26,
            27,
            28,
            29,
            30,
            31,
            32,
            33,
            34,
            35,
            36,
            37,
            38,
            39,
            40
        ],
        "value": [
            2.7921861748197188,
            2.5885277096904926,
            1.9641631939517918,
            1.5851326896183526,
            1.2684697926934085,
            1.035843308292218,
            0.8821762875834508,
            0.788475841728609,
            0.6909040973257663,
            0.613878776778036,
            0.5229473387572303,
            0.462770461591322,
            0.4428899090236692,
            0.4200044574577417,
            0.3493241033892133,
            0.323884537415718,
            0.32222834518596305,
            0.31866038913157446,
            0.2663985496359085,
            0.2559084257305558,
            0.2647153146898569,
            0.24734008201022648,
            0.22525092681397252,
            0.20049805883596192,
            0.19099593518385247,
            0.16262608621992283,
            0.17523444266016805,
            0.1225718696281981,
            0.17543927235389822,
            0.1484114053978849,
            0.13698054955744032,
            0.1293651697906985,
            0.12670606263537906,
            0.13495034107298992,
            0.1388609189706952,
            0.12361659565523489,
            0.16245431019299067,
            0.14294768080337725,
            0.12224174491060313,
            0.10893563965140883
        ]
    },
    "train_oa": {
        "type": "index_value",
        "index": [
            26
        ],
        "value": [
            23.270750988142293
        ]
    },
    "train_aa": {
        "type": "index_value",
        "index": [
            26
        ],
        "value": [
            33.031382110252736
        ]
    },
    "train_kappa": {
        "type": "index_value",
        "index": [
            26
        ],
        "value": [
            19.18144548047912
        ]
    },
    "eval_time": 0.0,
    "param": {
        "data": {
            "data_sign": "Indian",
            "data_file": "Indian_10",
            "patch_size": 13,
            "batch_size": 65,
            "num_classes": 16,
            "pca": 200,
            "dim_heads": 64,
            "spectral_size": 200
        },
        "net": {
            "trainer": "rwkvformer",
            "depth": 4,
            "dim": 64,
            "mlp_dim": 8,
            "heads": 24,
            "kernal": 5,
            "padding": 2,
            "n_head": 4,
            "ctx_len": 169,
            "n_attn": 512,
            "head_size": 12,
            "n_embd": 128,
            "n_embd1": 512,
            "n_ffn": 64,
            "rwkv_tiny_attn": 64,
            "rwkv_tiny_head": 4
        },
        "train": {
            "epochs": 40,
            "lr": 0.001,
            "weight_decay": 0
        },
        "uniq_name": "Indian_test"
    },
    "eval": {
        "classification": "                              precision    recall  f1-score   support\n\n                     Alfalfa     1.0000    0.0000    0.0000        11\n                 Corn-notill     0.6350    0.4739    0.5427       268\n                Corn-mintill     0.2570    0.8343    0.3930       175\n                        Corn     1.0000    0.3947    0.5660        38\n               Grass-pasture     1.0000    0.0000    0.0000        97\n                 Grass-trees     1.0000    0.0000    0.0000       153\n         Grass-pasture-mowed     1.0000    0.0000    0.0000         4\n               Hay-windrowed     0.9899    0.9423    0.9655       104\n                        Oats     0.0625    1.0000    0.1176         1\n              Soybean-notill     1.0000    0.0000    0.0000       205\n             Soybean-mintill     1.0000    0.0000    0.0000       467\n               Soybean-clean     0.1873    0.9160    0.3110       119\n                       Wheat     0.1538    0.0606    0.0870        33\n                       Woods     1.0000    0.0000    0.0000       237\nBuildings-Grass-Trees-Drives     0.6396    0.7396    0.6860        96\n          Stone-Steel-Towers     0.0381    1.0000    0.0734        16\n\n                    accuracy                         0.2890      2024\n                   macro avg     0.6852    0.3976    0.2339      2024\n                weighted avg     0.8002    0.2890    0.2190      2024\n",
        "oa": 28.90316205533597,
        "confusion": "[[  0   8   0   0   0   0   0   0   0   0   0   1   2   0   0   0]\n [  0 127  55   0   0   0   0   0   0   0   0  17   0   0   0  69]\n [  0   0 146   0   0   0   0   0   0   0   0  22   0   0   0   7]\n [  0   0  11  15   0   0   0   0   0   0   0   8   0   0   0   4]\n [  0   0  66   0   0   0   0   0   0   0   0  31   0   0   0   0]\n [  0   0   0   0   0   0   0   0  15   0   0  40   0   0   0  98]\n [  0   0   4   0   0   0   0   0   0   0   0   0   0   0   0   0]\n [  0   0   2   0   0   0   0  98   0   0   0   3   0   0   0   1]\n [  0   0   0   0   0   0   0   0   1   0   0   0   0   0   0   0]\n [  0  49   3   0   0   0   0   0   0   0   0 122   0   0   0  31]\n [  0   0 192   0   0   0   0   0   0   0   0 174   0   0   3  98]\n [  0   0   0   0   0   0   0   0   0   0   0 109   0   0   0  10]\n [  0   0   0   0   0   0   0   0   0   0   0   0   2   0   0  31]\n [  0  16  88   0   0   0   0   1   0   0   0  34   9   0  37  52]\n [  0   0   1   0   0   0   0   0   0   0   0  21   0   0  71   3]\n [  0   0   0   0   0   0   0   0   0   0   0   0   0   0   0  16]]",
        "each_acc": "[  0.          47.3880597   83.42857143  39.47368421   0.\n   0.           0.          94.23076923 100.           0.\n   0.          91.59663866   6.06060606   0.          73.95833333\n 100.        ]",
        "aa": 39.758541413797566,
        "kappa": 24.263768416678555
    }
}