{
    "epoch_loss": {
        "type": "index_value",
        "index": [
            1,
            2,
            3,
            4,
            5,
            6,
            7,
            8,
            9,
            10,
            11,
            12,
            13,
            14,
            15,
            16,
            17,
            18,
            19,
            20
        ],
        "value": [
            2.714404836297035,
            1.9023565128445625,
            1.3451996967196465,
            0.9783237259835005,
            0.7470068391412497,
            0.5737218130379915,
            0.45347210951149464,
            0.3446567691862583,
            0.28359216172248125,
            0.23529275227338076,
            0.17796829901635647,
            0.13438341161236167,
            0.1265108312945813,
            0.10258101974613965,
            0.08367996872402728,
            0.06489299365784973,
            0.05514917126856744,
            0.05720544222276658,
            0.04772150830831379,
            0.0408537759212777
        ]
    },
    "eval_time": 0.0,
    "param": {
        "data": {
            "data_sign": "Indian",
            "data_file": "Indian_10",
            "patch_size": 13,
            "batch_size": 65,
            "num_classes": 16,
            "pca": 200,
            "dim_heads": 64,
            "spectral_size": 200
        },
        "net": {
            "trainer": "rwkvformer",
            "depth": 4,
            "dim": 64,
            "heads": 24,
            "kernal": 5,
            "padding": 2
        },
        "train": {
            "epochs": 20,
            "lr": 0.001,
            "weight_decay": 0
        },
        "uniq_name": "Indian_test"
    },
    "eval": {
        "classification": "                              precision    recall  f1-score   support\n\n                     Alfalfa     1.0000    1.0000    1.0000        36\n                 Corn-notill     0.8661    0.7934    0.8281      1418\n                Corn-mintill     0.7719    0.8171    0.7938       820\n                        Corn     0.8996    0.9868    0.9412       227\n               Grass-pasture     0.8137    0.9323    0.8690       473\n                 Grass-trees     0.8570    0.9653    0.9079       720\n         Grass-pasture-mowed     0.6207    1.0000    0.7660        18\n               Hay-windrowed     0.9979    1.0000    0.9989       468\n                        Oats     0.2439    1.0000    0.3922        10\n              Soybean-notill     0.7754    0.8971    0.8318       962\n             Soybean-mintill     0.9494    0.6982    0.8046      2445\n               Soybean-clean     0.8702    0.8628    0.8665       583\n                       Wheat     0.7854    0.9949    0.8778       195\n                       Woods     0.9565    0.9817    0.9689      1255\nBuildings-Grass-Trees-Drives     0.6274    0.9761    0.7638       376\n          Stone-Steel-Towers     0.6103    1.0000    0.7580        83\n\n                    accuracy                         0.8560     10089\n                   macro avg     0.7903    0.9316    0.8355     10089\n                weighted avg     0.8721    0.8560    0.8559     10089\n",
        "oa": 85.5981762315393,
        "confusion": "[[  36    0    0    0    0    0    0    0    0    0    0    0    0    0\n     0    0]\n [   0 1125   36    0    4   35    0    0    0   73   91    0    0   12\n    42    0]\n [   0    3  670   22   11    0    0    0   10   18    0   37   49    0\n     0    0]\n [   0    0    0  224    0    0    0    0    0    0    0    3    0    0\n     0    0]\n [   0    0   17    0  441    0   10    0    0    0    0    2    0    3\n     0    0]\n [   0    0    0    0    0  695    0    0   21    0    0    4    0    0\n     0    0]\n [   0    0    0    0    0    0   18    0    0    0    0    0    0    0\n     0    0]\n [   0    0    0    0    0    0    0  468    0    0    0    0    0    0\n     0    0]\n [   0    0    0    0    0    0    0    0   10    0    0    0    0    0\n     0    0]\n [   0   54   12    0   17    0    0    0    0  863    0    6    0   10\n     0    0]\n [   0  117  133    0   64   79    1    1    0  134 1707   23    4   31\n   151    0]\n [   0    0    0    3    0    0    0    0    0   19    0  503    0    0\n     5   53]\n [   0    0    0    0    1    0    0    0    0    0    0    0  194    0\n     0    0]\n [   0    0    0    0    0    2    0    0    0    1    0    0    0 1232\n    20    0]\n [   0    0    0    0    4    0    0    0    0    5    0    0    0    0\n   367    0]\n [   0    0    0    0    0    0    0    0    0    0    0    0    0    0\n     0   83]]",
        "each_acc": "[100.          79.3370945   81.70731707  98.6784141   93.2346723\n  96.52777778 100.         100.         100.          89.70893971\n  69.81595092  86.27787307  99.48717949  98.16733068  97.60638298\n 100.        ]",
        "aa": 93.159308287144,
        "kappa": 83.78681221788527
    }
}