{
    "epoch_loss": {
        "type": "index_value",
        "index": [
            1,
            2,
            3,
            4,
            5,
            6,
            7,
            8,
            9,
            10,
            11,
            12,
            13,
            14,
            15,
            16,
            17,
            18,
            19,
            20
        ],
        "value": [
            2.7817442666238814,
            2.621093570296444,
            2.1518837729496743,
            1.7234940110747494,
            1.3211823230359092,
            1.0691338056948647,
            0.890209803385521,
            0.7208083289772717,
            0.617572462380822,
            0.5494093370081773,
            0.5062001476536936,
            0.5010192794586296,
            0.41566943121490196,
            0.335670265688825,
            0.3084628737684506,
            0.33296625849915973,
            0.2566820174010832,
            0.2675832354310733,
            0.23272737471470192,
            0.24292226391496943
        ]
    },
    "eval_time": 0.0,
    "param": {
        "data": {
            "data_sign": "Indian",
            "data_file": "Indian_10",
            "patch_size": 13,
            "batch_size": 65,
            "num_classes": 16,
            "pca": 200,
            "dim_heads": 64,
            "spectral_size": 200
        },
        "net": {
            "trainer": "rwkvformer",
            "depth": 4,
            "dim": 64,
            "heads": 24,
            "kernal": 6,
            "padding": 2,
            "n_head": 1,
            "ctx_len": 169,
            "n_attn": 512,
            "head_size": 12,
            "n_embd": 128,
            "n_embd1": 512,
            "n_ffn": 64,
            "rwkv_tiny_attn": 64,
            "rwkv_tiny_head": 4
        },
        "train": {
            "epochs": 20,
            "lr": 0.001,
            "weight_decay": 0
        },
        "uniq_name": "Indian_test"
    },
    "eval": {
        "classification": "                              precision    recall  f1-score   support\n\n                     Alfalfa     0.8462    1.0000    0.9167        11\n                 Corn-notill     0.9652    0.7239    0.8273       268\n                Corn-mintill     0.8019    0.9486    0.8691       175\n                        Corn     0.9268    1.0000    0.9620        38\n               Grass-pasture     0.8505    0.9381    0.8922        97\n                 Grass-trees     0.9130    0.9608    0.9363       153\n         Grass-pasture-mowed     0.2857    1.0000    0.4444         4\n               Hay-windrowed     1.0000    0.9904    0.9952       104\n                        Oats     0.1429    1.0000    0.2500         1\n              Soybean-notill     0.6629    0.8537    0.7463       205\n             Soybean-mintill     0.9099    0.6916    0.7859       467\n               Soybean-clean     0.6688    0.8655    0.7546       119\n                       Wheat     1.0000    0.9697    0.9846        33\n                       Woods     0.9658    0.9536    0.9597       237\nBuildings-Grass-Trees-Drives     0.8476    0.9271    0.8856        96\n          Stone-Steel-Towers     0.6154    1.0000    0.7619        16\n\n                    accuracy                         0.8493      2024\n                   macro avg     0.7752    0.9264    0.8107      2024\n                weighted avg     0.8718    0.8493    0.8511      2024\n",
        "oa": 84.9308300395257,
        "confusion": "[[ 11   0   0   0   0   0   0   0   0   0   0   0   0   0   0   0]\n [  0 194  14   1   1   3   0   0   0  38   7   5   0   2   3   0]\n [  0   0 166   2   3   0   0   0   0   0   4   0   0   0   0   0]\n [  0   0   0  38   0   0   0   0   0   0   0   0   0   0   0   0]\n [  0   0   3   0  91   0   3   0   0   0   0   0   0   0   0   0]\n [  0   0   0   0   1 147   0   0   5   0   0   0   0   0   0   0]\n [  0   0   0   0   0   0   4   0   0   0   0   0   0   0   0   0]\n [  0   0   0   0   1   0   0 103   0   0   0   0   0   0   0   0]\n [  0   0   0   0   0   0   0   0   1   0   0   0   0   0   0   0]\n [  2   0   1   0   1   0   2   0   0 175  21   2   0   1   0   0]\n [  0   7  16   0   0  11   5   0   0  47 323  44   0   5   9   0]\n [  0   0   4   0   0   0   0   0   1   1   0 103   0   0   0  10]\n [  0   0   0   0   1   0   0   0   0   0   0   0  32   0   0   0]\n [  0   0   3   0   4   0   0   0   0   0   0   0   0 226   4   0]\n [  0   0   0   0   4   0   0   0   0   3   0   0   0   0  89   0]\n [  0   0   0   0   0   0   0   0   0   0   0   0   0   0   0  16]]",
        "each_acc": "[100.          72.3880597   94.85714286 100.          93.81443299\n  96.07843137 100.          99.03846154 100.          85.36585366\n  69.16488223  86.55462185  96.96969697  95.35864979  92.70833333\n 100.        ]",
        "aa": 92.64366039285333,
        "kappa": 83.10450019349962
    }
}