{
    "epoch_loss": {
        "type": "index_value",
        "index": [
            1,
            2,
            3,
            4,
            5,
            6,
            7,
            8,
            9,
            10,
            11,
            12,
            13,
            14,
            15,
            16,
            17,
            18,
            19,
            20
        ],
        "value": [
            2.747647705362804,
            2.061688046846817,
            1.5854627952646854,
            1.3486415076611646,
            1.0458313480241974,
            0.8743937593787464,
            0.7353335934788433,
            0.6434859090776586,
            0.561195767637509,
            0.5597508249442968,
            0.5149734275999354,
            0.4908682559408359,
            0.4153489930861032,
            0.36504268423834846,
            0.31858530573880495,
            0.30727871029234644,
            0.2550015422835279,
            0.2490521012179887,
            0.2353828514912235,
            0.22518054407034346
        ]
    },
    "eval_time": 0.0,
    "param": {
        "data": {
            "data_sign": "Indian",
            "data_file": "Indian_10",
            "patch_size": 13,
            "batch_size": 65,
            "num_classes": 16,
            "pca": 200,
            "dim_heads": 64,
            "spectral_size": 200
        },
        "net": {
            "trainer": "rwkvformer",
            "depth": 4,
            "dim": 64,
            "mlp_dim": 8,
            "heads": 24,
            "kernal": 6,
            "padding": 2,
            "n_head": 4,
            "ctx_len": 169,
            "n_attn": 512,
            "head_size": 12,
            "n_embd": 128,
            "n_embd1": 512,
            "n_ffn": 64,
            "rwkv_tiny_attn": 64,
            "rwkv_tiny_head": 4
        },
        "train": {
            "epochs": 20,
            "lr": 0.001,
            "weight_decay": 0
        },
        "uniq_name": "Indian_test"
    },
    "eval": {
        "classification": "                              precision    recall  f1-score   support\n\n                     Alfalfa     0.9167    1.0000    0.9565        11\n                 Corn-notill     0.9587    0.7799    0.8601       268\n                Corn-mintill     0.8590    0.7657    0.8097       175\n                        Corn     0.8485    0.7368    0.7887        38\n               Grass-pasture     0.6929    0.9072    0.7857        97\n                 Grass-trees     0.8981    0.9216    0.9097       153\n         Grass-pasture-mowed     0.3333    1.0000    0.5000         4\n               Hay-windrowed     1.0000    1.0000    1.0000       104\n                        Oats     0.0667    1.0000    0.1250         1\n              Soybean-notill     0.5904    0.9561    0.7300       205\n             Soybean-mintill     0.9680    0.5824    0.7273       467\n               Soybean-clean     0.5965    0.8571    0.7034       119\n                       Wheat     0.7674    1.0000    0.8684        33\n                       Woods     0.9748    0.9789    0.9768       237\nBuildings-Grass-Trees-Drives     0.9789    0.9688    0.9738        96\n          Stone-Steel-Towers     0.5333    1.0000    0.6957        16\n\n                    accuracy                         0.8221      2024\n                   macro avg     0.7489    0.9034    0.7757      2024\n                weighted avg     0.8708    0.8221    0.8261      2024\n",
        "oa": 82.21343873517787,
        "confusion": "[[ 11   0   0   0   0   0   0   0   0   0   0   0   0   0   0   0]\n [  0 209   0   1   3   3   0   0   0  39   9   3   0   1   0   0]\n [  0   4 134   4  18   0   0   0   3   0   0   3   9   0   0   0]\n [  0   3   0  28   0   0   0   0   0   0   0   7   0   0   0   0]\n [  0   0   3   0  88   0   6   0   0   0   0   0   0   0   0   0]\n [  0   0   0   0   1 141   0   0  11   0   0   0   0   0   0   0]\n [  0   0   0   0   0   0   4   0   0   0   0   0   0   0   0   0]\n [  0   0   0   0   0   0   0 104   0   0   0   0   0   0   0   0]\n [  0   0   0   0   0   0   0   0   1   0   0   0   0   0   0   0]\n [  1   0   2   0   2   0   0   0   0 196   0   3   0   1   0   0]\n [  0   2  17   0  15  12   2   0   0  88 272  52   1   4   2   0]\n [  0   0   0   0   0   0   0   0   0   3   0 102   0   0   0  14]\n [  0   0   0   0   0   0   0   0   0   0   0   0  33   0   0   0]\n [  0   0   0   0   0   0   0   0   0   5   0   0   0 232   0   0]\n [  0   0   0   0   0   1   0   0   0   1   0   1   0   0  93   0]\n [  0   0   0   0   0   0   0   0   0   0   0   0   0   0   0  16]]",
        "each_acc": "[100.          77.98507463  76.57142857  73.68421053  90.72164948\n  92.15686275 100.         100.         100.          95.6097561\n  58.24411135  85.71428571 100.          97.89029536  96.875\n 100.        ]",
        "aa": 90.34079215461107,
        "kappa": 80.17406465958457
    }
}