{
    "epoch_loss": {
        "type": "index_value",
        "index": [
            1,
            2,
            3,
            4,
            5,
            6,
            7,
            8,
            9,
            10,
            11,
            12,
            13,
            14,
            15,
            16,
            17,
            18,
            19,
            20,
            21,
            22,
            23,
            24,
            25,
            26,
            27,
            28,
            29,
            30,
            31,
            32,
            33,
            34,
            35,
            36,
            37,
            38,
            39,
            40,
            41,
            42,
            43,
            44,
            45,
            46,
            47,
            48,
            49,
            50
        ],
        "value": [
            2.785427674651146,
            2.4003326669335365,
            1.8530457504093647,
            1.5773166045546532,
            1.215299978852272,
            1.0477912314236164,
            0.9555514808744192,
            0.8233666960150003,
            0.7078834623098373,
            0.6424934361129999,
            0.5371959656476974,
            0.4284733822569251,
            0.4125688346102834,
            0.31393593829125166,
            0.2872439264319837,
            0.26062097679823637,
            0.25548618379980326,
            0.1818187697790563,
            0.17425233451649547,
            0.14579126611351967,
            0.12036626948975027,
            0.11391072673723102,
            0.10666167479939759,
            0.11113789328373969,
            0.09455397166311741,
            0.08141285204328597,
            0.06625556049402803,
            0.07319924863986671,
            0.06882351194508374,
            0.05419432243797928,
            0.05278173601254821,
            0.06582331319805235,
            0.05353559635113925,
            0.04780331824440509,
            0.0465621764305979,
            0.0414081034832634,
            0.04651805525645614,
            0.04168414021842182,
            0.04567836504429579,
            0.03762027027551085,
            0.03634494042489678,
            0.03036659280769527,
            0.03642817842774093,
            0.029929298907518387,
            0.03474035585531965,
            0.0228666762704961,
            0.02664609852945432,
            0.02326323464512825,
            0.025143624108750373,
            0.029716022545471787
        ]
    },
    "train_oa": {
        "type": "index_value",
        "index": [
            25,
            50
        ],
        "value": [
            77.37139458816533,
            76.59827534939042
        ]
    },
    "train_aa": {
        "type": "index_value",
        "index": [
            25,
            50
        ],
        "value": [
            85.18211216276127,
            85.13782655794573
        ]
    },
    "train_kappa": {
        "type": "index_value",
        "index": [
            25,
            50
        ],
        "value": [
            74.12825809951475,
            73.30742718497191
        ]
    },
    "eval_time": 0.0,
    "param": {
        "data": {
            "data_sign": "Indian",
            "data_file": "Indian_10",
            "patch_size": 13,
            "batch_size": 65,
            "num_classes": 16,
            "pca": 200,
            "dim_heads": 64,
            "spectral_size": 200
        },
        "net": {
            "trainer": "rwkvformer",
            "depth": 4,
            "dim": 64,
            "heads": 24,
            "kernal": 5,
            "padding": 2
        },
        "train": {
            "epochs": 50,
            "lr": 0.001,
            "weight_decay": 0
        },
        "uniq_name": "Indian_test"
    },
    "eval": {
        "classification": "                              precision    recall  f1-score   support\n\n                     Alfalfa     0.5469    0.9722    0.7000        36\n                 Corn-notill     0.7457    0.5853    0.6559      1418\n                Corn-mintill     0.5531    0.6732    0.6073       820\n                        Corn     0.5652    0.8590    0.6818       227\n               Grass-pasture     0.8150    0.9408    0.8734       473\n                 Grass-trees     0.9520    0.9917    0.9714       720\n         Grass-pasture-mowed     0.2687    1.0000    0.4235        18\n               Hay-windrowed     1.0000    0.8526    0.9204       468\n                        Oats     0.6250    1.0000    0.7692        10\n              Soybean-notill     0.8020    0.6570    0.7223       962\n             Soybean-mintill     0.7059    0.7636    0.7336      2445\n               Soybean-clean     0.7180    0.7033    0.7106       583\n                       Wheat     0.9898    0.9949    0.9923       195\n                       Woods     0.9794    0.8701    0.9215      1255\nBuildings-Grass-Trees-Drives     0.8525    0.8457    0.8491       376\n          Stone-Steel-Towers     0.8058    1.0000    0.8925        83\n\n                    accuracy                         0.7725     10089\n                   macro avg     0.7453    0.8568    0.7766     10089\n                weighted avg     0.7865    0.7725    0.7744     10089\n",
        "oa": 77.25245316681534,
        "confusion": "[[  35    0    0    0    0    0    0    0    0    1    0    0    0    0\n     0    0]\n [   0  830  110   39    9    1    0    0    0   60  365    2    0    2\n     0    0]\n [   0   18  552   62    1    0    0    0    4    3  129   50    1    0\n     0    0]\n [   0   11   18  195    0    0    0    0    0    0    3    0    0    0\n     0    0]\n [   0   10    8    1  445    2    3    0    0    0    3    0    1    0\n     0    0]\n [   0    0    0    0    3  714    0    0    2    0    1    0    0    0\n     0    0]\n [   0    0    0    0    0    0   18    0    0    0    0    0    0    0\n     0    0]\n [  29    1    0    0    1    0   32  399    0    0    5    0    0    0\n     1    0]\n [   0    0    0    0    0    0    0    0   10    0    0    0    0    0\n     0    0]\n [   0   35   40    1   11    3    6    0    0  632  231    1    0    2\n     0    0]\n [   0  178  175    5    5    7    7    0    0   90 1867  108    0    1\n     2    0]\n [   0   25   54   38    4    0    0    0    0    0   31  410    0    0\n     1   20]\n [   0    0    0    0    0    0    0    0    0    0    1    0  194    0\n     0    0]\n [   0    5   36    0   58    4    0    0    0    2    7    0    0 1092\n    51    0]\n [   0    0    5    4    9   19    1    0    0    0    2    0    0   18\n   318    0]\n [   0    0    0    0    0    0    0    0    0    0    0    0    0    0\n     0   83]]",
        "each_acc": "[ 97.22222222  58.53314528  67.31707317  85.9030837   94.08033827\n  99.16666667 100.          85.25641026 100.          65.6964657\n  76.3599182   70.32590051  99.48717949  87.01195219  84.57446809\n 100.        ]",
        "aa": 85.68342648330417,
        "kappa": 74.03650408932332
    }
}