{
    "epoch_loss": {
        "type": "index_value",
        "index": [
            1,
            2,
            3,
            4,
            5,
            6,
            7,
            8,
            9,
            10,
            11,
            12,
            13,
            14,
            15,
            16,
            17,
            18,
            19,
            20
        ],
        "value": [
            2.63438381254673,
            1.7736086621880531,
            1.2296066395938396,
            0.8139184676110744,
            0.5766991786658764,
            0.42689047008752823,
            0.3046365659683943,
            0.2333366610109806,
            0.16907759895548224,
            0.1265548961237073,
            0.12417679280042648,
            0.09043075726367533,
            0.08068446745164692,
            0.06101203721482307,
            0.05503816669806838,
            0.05193789559416473,
            0.04607222508639097,
            0.044241619878448546,
            0.0335863140062429,
            0.03816195949912071
        ]
    },
    "eval_time": 0.0,
    "param": {
        "data": {
            "data_sign": "Indian",
            "data_file": "Indian_10",
            "patch_size": 13,
            "batch_size": 65,
            "num_classes": 16,
            "pca": 200,
            "dim_heads": 64,
            "spectral_size": 200
        },
        "net": {
            "trainer": "rwkvformer",
            "depth": 4,
            "dim": 64,
            "heads": 24,
            "kernal": 6,
            "padding": 2,
            "n_head": 1,
            "ctx_len": 169,
            "n_attn": 512,
            "head_size": 12,
            "n_embd": 128,
            "n_embd1": 512,
            "n_ffn": 64,
            "rwkv_tiny_attn": 64,
            "rwkv_tiny_head": 4
        },
        "train": {
            "epochs": 20,
            "lr": 0.001,
            "weight_decay": 0
        },
        "uniq_name": "Indian_test"
    },
    "eval": {
        "classification": "                              precision    recall  f1-score   support\n\n                     Alfalfa     0.8780    1.0000    0.9351        36\n                 Corn-notill     0.8976    0.7793    0.8343      1418\n                Corn-mintill     0.7724    0.7988    0.7854       820\n                        Corn     0.8814    0.9824    0.9292       227\n               Grass-pasture     0.8887    0.8943    0.8915       473\n                 Grass-trees     0.8097    0.9278    0.8647       720\n         Grass-pasture-mowed     0.7200    1.0000    0.8372        18\n               Hay-windrowed     0.9791    1.0000    0.9894       468\n                        Oats     0.1408    1.0000    0.2469        10\n              Soybean-notill     0.8188    0.8971    0.8562       962\n             Soybean-mintill     0.9693    0.7366    0.8371      2445\n               Soybean-clean     0.6540    0.8559    0.7415       583\n                       Wheat     0.7760    0.9949    0.8719       195\n                       Woods     0.9719    0.9904    0.9811      1255\nBuildings-Grass-Trees-Drives     0.6977    0.9574    0.8072       376\n          Stone-Steel-Towers     0.6860    1.0000    0.8137        83\n\n                    accuracy                         0.8573     10089\n                   macro avg     0.7838    0.9259    0.8264     10089\n                weighted avg     0.8765    0.8573    0.8595     10089\n",
        "oa": 85.7270294380018,
        "confusion": "[[  36    0    0    0    0    0    0    0    0    0    0    0    0    0\n     0    0]\n [   1 1105  113    0    0   38    0    0    0   70   56    2    0    6\n    27    0]\n [   0    0  655   17   14    0    0    0   11   15    0   54   54    0\n     0    0]\n [   0    0    0  223    0    0    0    0    0    0    0    4    0    0\n     0    0]\n [   0    0   35    0  423    0    7    0    3    1    0    4    0    0\n     0    0]\n [   0    0    0    0    0  668    0    0   47    0    0    5    0    0\n     0    0]\n [   0    0    0    0    0    0   18    0    0    0    0    0    0    0\n     0    0]\n [   0    0    0    0    0    0    0  468    0    0    0    0    0    0\n     0    0]\n [   0    0    0    0    0    0    0    0   10    0    0    0    0    0\n     0    0]\n [   4   42   40    0    0    0    0    0    0  863    1    4    0    8\n     0    0]\n [   0   84    5    0   38  119    0    9    0   65 1801  191    2   22\n   109    0]\n [   0    0    0   13    0    0    0    0    0   23    0  499    0    0\n    10   38]\n [   0    0    0    0    1    0    0    0    0    0    0    0  194    0\n     0    0]\n [   0    0    0    0    0    0    0    1    0    1    0    0    0 1243\n    10    0]\n [   0    0    0    0    0    0    0    0    0   16    0    0    0    0\n   360    0]\n [   0    0    0    0    0    0    0    0    0    0    0    0    0    0\n     0   83]]",
        "each_acc": "[100.          77.92665726  79.87804878  98.23788546  89.42917548\n  92.77777778 100.         100.         100.          89.70893971\n  73.6605317   85.59176672  99.48717949  99.0438247   95.74468085\n 100.        ]",
        "aa": 92.59290424561384,
        "kappa": 83.92627819117257
    }
}