{
    "epoch_loss": {
        "type": "index_value",
        "index": [
            1,
            2,
            3,
            4,
            5,
            6,
            7,
            8,
            9,
            10,
            11,
            12,
            13,
            14,
            15,
            16,
            17,
            18,
            19,
            20,
            21,
            22,
            23,
            24,
            25,
            26,
            27,
            28,
            29,
            30,
            31,
            32,
            33,
            34,
            35,
            36,
            37,
            38,
            39,
            40,
            41,
            42,
            43,
            44,
            45,
            46,
            47,
            48,
            49,
            50
        ],
        "value": [
            2.7811478599905968,
            2.3995112627744675,
            1.5952901728451252,
            1.146333385258913,
            0.812542213127017,
            0.6079443097114563,
            0.48618937842547894,
            0.32776560727506876,
            0.23946011951193213,
            0.2205791948363185,
            0.15119094448164105,
            0.1273734299466014,
            0.10590420919470489,
            0.09183391905389726,
            0.06764814211055636,
            0.06387044221628457,
            0.05189013062044978,
            0.051304613472893834,
            0.037444557645358145,
            0.03387142228893936,
            0.029464617546182126,
            0.030800604028627276,
            0.022818584111519158,
            0.027602872345596552,
            0.02196651737904176,
            0.020972003985662013,
            0.020847841806244105,
            0.01816858194069937,
            0.01651153707643971,
            0.016825585917104036,
            0.01659900270169601,
            0.013578874088125303,
            0.013900092715630308,
            0.015005392953753471,
            0.012725294975098222,
            0.016175849275896326,
            0.010962243133690208,
            0.01307934953365475,
            0.010744913102826104,
            0.010623341659083962,
            0.011814870609669015,
            0.011538657039636746,
            0.011063380690757185,
            0.01040843257214874,
            0.009683693439001217,
            0.00936947509762831,
            0.010675316632841714,
            0.007939523900859058,
            0.007283579165232368,
            0.007651558888028376
        ]
    },
    "train_oa": {
        "type": "index_value",
        "index": [
            26
        ],
        "value": [
            84.63673307562692
        ]
    },
    "train_aa": {
        "type": "index_value",
        "index": [
            26
        ],
        "value": [
            93.38157585460385
        ]
    },
    "train_kappa": {
        "type": "index_value",
        "index": [
            26
        ],
        "value": [
            82.75956482568225
        ]
    },
    "eval_time": 0.0,
    "param": {
        "data": {
            "data_sign": "Indian",
            "data_file": "Indian_10",
            "patch_size": 13,
            "batch_size": 65,
            "num_classes": 16,
            "pca": 200,
            "dim_heads": 64,
            "spectral_size": 200
        },
        "net": {
            "trainer": "rwkvformer",
            "depth": 4,
            "dim": 64,
            "heads": 24,
            "kernal": 5,
            "padding": 2
        },
        "train": {
            "epochs": 50,
            "lr": 0.001,
            "weight_decay": 0
        },
        "uniq_name": "Indian_test"
    },
    "eval": {
        "classification": "                              precision    recall  f1-score   support\n\n                     Alfalfa     1.0000    1.0000    1.0000        36\n                 Corn-notill     0.8630    0.7997    0.8302      1418\n                Corn-mintill     0.6194    0.8732    0.7247       820\n                        Corn     0.8920    0.9824    0.9350       227\n               Grass-pasture     0.8933    0.9556    0.9234       473\n                 Grass-trees     0.8719    0.9639    0.9156       720\n         Grass-pasture-mowed     0.7826    1.0000    0.8780        18\n               Hay-windrowed     0.9791    1.0000    0.9894       468\n                        Oats     0.2632    1.0000    0.4167        10\n              Soybean-notill     0.7938    0.8524    0.8221       962\n             Soybean-mintill     0.9672    0.6511    0.7783      2445\n               Soybean-clean     0.7568    0.9125    0.8274       583\n                       Wheat     0.8661    0.9949    0.9260       195\n                       Woods     0.9733    0.9880    0.9806      1255\nBuildings-Grass-Trees-Drives     0.7404    0.9787    0.8431       376\n          Stone-Steel-Towers     0.7217    1.0000    0.8384        83\n\n                    accuracy                         0.8504     10089\n                   macro avg     0.8115    0.9345    0.8518     10089\n                weighted avg     0.8716    0.8504    0.8497     10089\n",
        "oa": 85.04311626523938,
        "confusion": "[[  36    0    0    0    0    0    0    0    0    0    0    0    0    0\n     0    0]\n [   0 1134  120    0    0   23    0    0    0   56   54    0    0    4\n    27    0]\n [   0    5  716   19    9    0    0    0    4    6    0   31   30    0\n     0    0]\n [   0    0    0  223    0    0    0    0    0    0    0    4    0    0\n     0    0]\n [   0    0   13    0  452    0    5    0    1    0    0    2    0    0\n     0    0]\n [   0    0    1    0    0  694    0    0   23    0    0    2    0    0\n     0    0]\n [   0    0    0    0    0    0   18    0    0    0    0    0    0    0\n     0    0]\n [   0    0    0    0    0    0    0  468    0    0    0    0    0    0\n     0    0]\n [   0    0    0    0    0    0    0    0   10    0    0    0    0    0\n     0    0]\n [   0   58   57    0    7    0    0    0    0  820    0   12    0    8\n     0    0]\n [   0  117  249    0   35   79    0   10    0  137 1592  120    0   22\n    84    0]\n [   0    0    0    8    0    0    0    0    0    6    0  532    0    0\n     5   32]\n [   0    0    0    0    1    0    0    0    0    0    0    0  194    0\n     0    0]\n [   0    0    0    0    0    0    0    0    0    2    0    0    0 1240\n    13    0]\n [   0    0    0    0    2    0    0    0    0    6    0    0    0    0\n   368    0]\n [   0    0    0    0    0    0    0    0    0    0    0    0    0    0\n     0   83]]",
        "each_acc": "[100.          79.97179126  87.31707317  98.23788546  95.5602537\n  96.38888889 100.         100.         100.          85.23908524\n  65.11247444  91.25214408  99.48717949  98.80478088  97.87234043\n 100.        ]",
        "aa": 93.45274356409405,
        "kappa": 83.1988645552767
    }
}