{
    "epoch_loss": {
        "type": "index_value",
        "index": [
            1,
            2,
            3,
            4,
            5,
            6,
            7,
            8,
            9,
            10,
            11,
            12,
            13,
            14,
            15,
            16,
            17,
            18,
            19,
            20,
            21,
            22,
            23,
            24,
            25,
            26,
            27,
            28,
            29,
            30,
            31,
            32,
            33,
            34,
            35,
            36,
            37,
            38,
            39,
            40
        ],
        "value": [
            2.607687887860768,
            1.812238209283174,
            1.4595813466541803,
            1.1882326860926045,
            1.0455700888562558,
            0.8842930566908708,
            0.7856974855287752,
            0.7635167868279699,
            0.7012776985986909,
            0.5676533802231746,
            0.5719454043836736,
            0.41839042661794973,
            0.4179047203775662,
            0.4183303173353423,
            0.3731249455195754,
            0.3452078786803715,
            0.30777562042670464,
            0.2892248010012641,
            0.2332803909458331,
            0.22529979472729697,
            0.19349400610176484,
            0.21520285541886713,
            0.2514906490027015,
            0.21988369935928886,
            0.2042244313590562,
            0.1854475221749562,
            0.1724485334620547,
            0.1606345036581381,
            0.14236491084543626,
            0.16422221665062123,
            0.12290553426119818,
            0.11478596380842265,
            0.11320091995285518,
            0.12155558875025209,
            0.10748342819400687,
            0.10205961836140547,
            0.10651405984118803,
            0.10098808103088122,
            0.139155211677747,
            0.09576817284991491
        ]
    },
    "train_oa": {
        "type": "index_value",
        "index": [
            26
        ],
        "value": [
            84.9308300395257
        ]
    },
    "train_aa": {
        "type": "index_value",
        "index": [
            26
        ],
        "value": [
            91.79617595420223
        ]
    },
    "train_kappa": {
        "type": "index_value",
        "index": [
            26
        ],
        "value": [
            83.03458161934934
        ]
    },
    "eval_time": 0.0,
    "param": {
        "data": {
            "data_sign": "Indian",
            "data_file": "Indian_10",
            "patch_size": 13,
            "batch_size": 65,
            "num_classes": 16,
            "pca": 200,
            "dim_heads": 64,
            "spectral_size": 200
        },
        "net": {
            "trainer": "rwkvformer",
            "depth": 4,
            "dim": 64,
            "mlp_dim": 8,
            "heads": 24,
            "kernal": 6,
            "padding": 2,
            "n_head": 4,
            "ctx_len": 169,
            "n_attn": 512,
            "head_size": 12,
            "n_embd": 128,
            "n_embd1": 512,
            "n_ffn": 64,
            "rwkv_tiny_attn": 64,
            "rwkv_tiny_head": 4
        },
        "train": {
            "epochs": 40,
            "lr": 0.001,
            "weight_decay": 0
        },
        "uniq_name": "Indian_test"
    },
    "eval": {
        "classification": "                              precision    recall  f1-score   support\n\n                     Alfalfa     0.9167    1.0000    0.9565        11\n                 Corn-notill     0.9514    0.6567    0.7770       268\n                Corn-mintill     0.4837    0.8457    0.6154       175\n                        Corn     0.9250    0.9737    0.9487        38\n               Grass-pasture     0.8293    0.7010    0.7598        97\n                 Grass-trees     0.9367    0.9673    0.9518       153\n         Grass-pasture-mowed     0.1333    1.0000    0.2353         4\n               Hay-windrowed     1.0000    1.0000    1.0000       104\n                        Oats     0.0667    1.0000    0.1250         1\n              Soybean-notill     0.8857    0.7561    0.8158       205\n             Soybean-mintill     0.9320    0.6745    0.7826       467\n               Soybean-clean     0.7285    0.9244    0.8148       119\n                       Wheat     0.7209    0.9394    0.8158        33\n                       Woods     0.9705    0.9705    0.9705       237\nBuildings-Grass-Trees-Drives     0.7339    0.9479    0.8273        96\n          Stone-Steel-Towers     0.6667    1.0000    0.8000        16\n\n                    accuracy                         0.8127      2024\n                   macro avg     0.7425    0.8973    0.7623      2024\n                weighted avg     0.8654    0.8127    0.8230      2024\n",
        "oa": 81.27470355731225,
        "confusion": "[[ 11   0   0   0   0   0   0   0   0   0   0   0   0   0   0   0]\n [  0 176  58   0   1   2   0   0   0  10  19   1   0   0   1   0]\n [  0   0 148   3   1   0   0   0   2   0   0  10  11   0   0   0]\n [  0   0   1  37   0   0   0   0   0   0   0   0   0   0   0   0]\n [  0   0  11   0  68   0  12   0   5   0   0   0   1   0   0   0]\n [  0   0   0   0   0 148   0   0   5   0   0   0   0   0   0   0]\n [  0   0   0   0   0   0   4   0   0   0   0   0   0   0   0   0]\n [  0   0   0   0   0   0   0 104   0   0   0   0   0   0   0   0]\n [  0   0   0   0   0   0   0   0   1   0   0   0   0   0   0   0]\n [  1   0  31   0  11   0   3   0   0 155   1   2   0   1   0   0]\n [  0   9  55   0   0   8  11   0   2  10 315  24   0   6  27   0]\n [  0   0   0   0   0   0   0   0   0   0   0 110   0   0   1   8]\n [  0   0   0   0   0   0   0   0   0   0   2   0  31   0   0   0]\n [  0   0   1   0   0   0   0   0   0   0   0   2   0 230   4   0]\n [  0   0   1   0   1   0   0   0   0   0   1   2   0   0  91   0]\n [  0   0   0   0   0   0   0   0   0   0   0   0   0   0   0  16]]",
        "each_acc": "[100.          65.67164179  84.57142857  97.36842105  70.10309278\n  96.73202614 100.         100.         100.          75.6097561\n  67.45182013  92.43697479  93.93939394  97.0464135   94.79166667\n 100.        ]",
        "aa": 89.732664716658,
        "kappa": 79.08195167417522
    }
}