{
    "epoch_loss": {
        "type": "index_value",
        "index": [
            1,
            2,
            3,
            4,
            5,
            6,
            7,
            8,
            9,
            10,
            11,
            12,
            13,
            14,
            15,
            16,
            17,
            18,
            19,
            20,
            21,
            22,
            23,
            24,
            25
        ],
        "value": [
            2.782780312001705,
            2.4298185035586357,
            1.932916846126318,
            1.604769691824913,
            1.341108500957489,
            1.1748684868216515,
            1.0454888865351677,
            0.9086550772190094,
            0.7244484294205904,
            0.6718897204846144,
            0.5738410502672195,
            0.547044588252902,
            0.39326362032443285,
            0.3678604457527399,
            0.3524167826399207,
            0.2763719414360821,
            0.26082866080105305,
            0.21981513313949108,
            0.22868954157456756,
            0.17795363394543529,
            0.19991788547486067,
            0.14983480889350176,
            0.11271839868277311,
            0.11074762511998415,
            0.10488509759306908
        ]
    },
    "eval_time": 0.0,
    "param": {
        "data": {
            "data_sign": "Indian",
            "data_file": "Indian_10",
            "patch_size": 13,
            "batch_size": 65,
            "num_classes": 16,
            "pca": 200,
            "dim_heads": 64,
            "spectral_size": 200
        },
        "net": {
            "trainer": "rwkvformer",
            "depth": 4,
            "dim": 64,
            "heads": 24,
            "kernal": 5,
            "padding": 2
        },
        "train": {
            "epochs": 25,
            "lr": 0.001,
            "weight_decay": 0
        },
        "uniq_name": "Indian_test"
    },
    "eval": {
        "classification": "                              precision    recall  f1-score   support\n\n                     Alfalfa     0.8919    0.9167    0.9041        36\n                 Corn-notill     0.7660    0.5818    0.6613      1418\n                Corn-mintill     0.3733    0.6341    0.4700       820\n                        Corn     0.6517    0.7665    0.7045       227\n               Grass-pasture     0.8675    0.8309    0.8488       473\n                 Grass-trees     0.9061    0.8444    0.8742       720\n         Grass-pasture-mowed     0.4000    1.0000    0.5714        18\n               Hay-windrowed     0.9710    0.9316    0.9509       468\n                        Oats     0.1212    0.8000    0.2105        10\n              Soybean-notill     0.4749    0.8077    0.5982       962\n             Soybean-mintill     0.8522    0.4245    0.5667      2445\n               Soybean-clean     0.6746    0.5866    0.6275       583\n                       Wheat     0.8767    0.9846    0.9275       195\n                       Woods     0.9644    0.8422    0.8992      1255\nBuildings-Grass-Trees-Drives     0.4293    0.9282    0.5870       376\n          Stone-Steel-Towers     0.5634    0.9639    0.7111        83\n\n                    accuracy                         0.6790     10089\n                   macro avg     0.6740    0.8027    0.6946     10089\n                weighted avg     0.7554    0.6790    0.6859     10089\n",
        "oa": 67.8957280206165,
        "confusion": "[[  33    0    0    0    0    0    0    1    0    2    0    0    0    0\n     0    0]\n [   0  825  168   20    1    9    3    4    2  247   58    4    0    4\n    71    2]\n [   0   23  520   46    8    0    0    0   21   39   60   58   18    2\n    25    0]\n [   0   11   21  174    1    0    0    0    4    0    0    6    0    0\n    10    0]\n [   0   12   17    0  393    2   11    1    4    7    1    0    2    3\n    20    0]\n [   0   20   12    2    2  608    0    0   19   16   10    2    0    2\n    27    0]\n [   0    0    0    0    0    0   18    0    0    0    0    0    0    0\n     0    0]\n [   3    2    0    1    0    0    2  436    0    1    1    0    0    5\n    15    2]\n [   0    0    0    0    2    0    0    0    8    0    0    0    0    0\n     0    0]\n [   1   27   62    0    7    2    3    1    0  777   45    4    0    6\n    26    1]\n [   0  139  469    2   23   46    7    4    6  521 1038   89    7    7\n    82    5]\n [   0   12  101   22    3    1    0    0    1    9    5  342    0    0\n    35   52]\n [   0    0    1    0    1    0    0    0    1    0    0    0  192    0\n     0    0]\n [   0    4   18    0    8    0    1    2    0   10    0    2    0 1057\n   153    0]\n [   0    1    3    0    4    3    0    0    0    6    0    0    0   10\n   349    0]\n [   0    1    1    0    0    0    0    0    0    1    0    0    0    0\n     0   80]]",
        "each_acc": "[ 91.66666667  58.18053597  63.41463415  76.65198238  83.08668076\n  84.44444444 100.          93.16239316  80.          80.76923077\n  42.45398773  58.66209262  98.46153846  84.22310757  92.81914894\n  96.38554217]",
        "aa": 80.27387411160642,
        "kappa": 64.31118510051623
    }
}