{
    "epoch_loss": {
        "type": "index_value",
        "index": [
            1,
            2,
            3,
            4,
            5,
            6,
            7,
            8,
            9,
            10,
            11,
            12,
            13,
            14,
            15,
            16,
            17,
            18,
            19,
            20
        ],
        "value": [
            2.776597112417221,
            2.2975353598594666,
            1.6564193665981293,
            1.30120138078928,
            1.12089454382658,
            0.8323327023535967,
            0.883274657651782,
            0.8146742135286331,
            0.7592933420091867,
            0.6434616837650537,
            0.45525444205850363,
            0.6045357584953308,
            0.43570423033088446,
            0.34715335723012686,
            0.4574889144860208,
            0.6639047814533114,
            0.4094394384883344,
            0.320971152279526,
            0.38212970877066255,
            0.5380775379016995
        ]
    },
    "eval_time": 0.0,
    "param": {
        "data": {
            "data_sign": "Indian",
            "data_file": "Indian_10",
            "patch_size": 13,
            "batch_size": 65,
            "num_classes": 16,
            "pca": 200,
            "dim_heads": 64,
            "spectral_size": 200
        },
        "net": {
            "trainer": "rwkvformer",
            "depth": 4,
            "dim": 64,
            "heads": 24,
            "kernal": 6,
            "padding": 2,
            "n_head": 1,
            "ctx_len": 169,
            "n_attn": 512,
            "head_size": 12,
            "n_embd": 128,
            "n_embd1": 512,
            "n_ffn": 256,
            "rwkv_tiny_attn": 64,
            "rwkv_tiny_head": 4
        },
        "train": {
            "epochs": 20,
            "lr": 0.001,
            "weight_decay": 0
        },
        "uniq_name": "Indian_test"
    },
    "eval": {
        "classification": "                              precision    recall  f1-score   support\n\n                     Alfalfa     0.9211    0.9722    0.9459        36\n                 Corn-notill     0.9198    0.7927    0.8515      1418\n                Corn-mintill     0.7779    0.7049    0.7396       820\n                        Corn     0.8401    0.9956    0.9113       227\n               Grass-pasture     0.9301    0.9006    0.9151       473\n                 Grass-trees     0.8706    0.9625    0.9142       720\n         Grass-pasture-mowed     0.3214    1.0000    0.4865        18\n               Hay-windrowed     0.9936    1.0000    0.9968       468\n                        Oats     0.1786    1.0000    0.3030        10\n              Soybean-notill     0.8587    0.9096    0.8834       962\n             Soybean-mintill     0.9429    0.7558    0.8390      2445\n               Soybean-clean     0.5929    0.8868    0.7107       583\n                       Wheat     0.7708    1.0000    0.8705       195\n                       Woods     0.9568    0.9713    0.9640      1255\nBuildings-Grass-Trees-Drives     0.8267    0.9894    0.9007       376\n          Stone-Steel-Towers     0.5395    0.9880    0.6979        83\n\n                    accuracy                         0.8609     10089\n                   macro avg     0.7651    0.9268    0.8081     10089\n                weighted avg     0.8811    0.8609    0.8639     10089\n",
        "oa": 86.09376548716425,
        "confusion": "[[  35    0    0    0    0    0    0    0    0    1    0    0    0    0\n     0    0]\n [   1 1124   52    0    0   16    0    0    0   54  105   10    0    6\n    47    3]\n [   0   41  578   27    1    1    0    0   18    7    0   98   49    0\n     0    0]\n [   0    0    0  226    0    0    0    0    0    0    0    1    0    0\n     0    0]\n [   0    0    4    0  426    0   24    0    3    0    0    5    0   11\n     0    0]\n [   0    2    0    0    0  693    0    0   25    0    0    0    0    0\n     0    0]\n [   0    0    0    0    0    0   18    0    0    0    0    0    0    0\n     0    0]\n [   0    0    0    0    0    0    0  468    0    0    0    0    0    0\n     0    0]\n [   0    0    0    0    0    0    0    0   10    0    0    0    0    0\n     0    0]\n [   2   27    0    0   26    0    0    2    0  875    6   13    0    9\n     2    0]\n [   0   28  109    0    4   86   11    0    0   79 1848  225    9   29\n     3   14]\n [   0    0    0   11    0    0    0    0    0    1    0  517    0    0\n     1   53]\n [   0    0    0    0    0    0    0    0    0    0    0    0  195    0\n     0    0]\n [   0    0    0    5    0    0    3    1    0    1    1    0    0 1219\n    25    0]\n [   0    0    0    0    1    0    0    0    0    1    0    2    0    0\n   372    0]\n [   0    0    0    0    0    0    0    0    0    0    0    1    0    0\n     0   82]]",
        "each_acc": "[ 97.22222222  79.26657264  70.48780488  99.55947137  90.06342495\n  96.25       100.         100.         100.          90.95634096\n  75.58282209  88.67924528 100.          97.1314741   98.93617021\n  98.79518072]",
        "aa": 92.68317058844163,
        "kappa": 84.31781505525836
    }
}