{
    "epoch_loss": {
        "type": "index_value",
        "index": [
            1,
            2,
            3,
            4,
            5,
            6,
            7,
            8,
            9,
            10
        ],
        "value": [
            2.785425290465355,
            2.3880975618958473,
            1.8841478191316128,
            1.532933071255684,
            1.2342203445732594,
            1.1366137973964214,
            0.9643181283026934,
            0.8680343125015497,
            0.7829936072230339,
            0.6681665703654289
        ]
    },
    "eval_time": 0.0,
    "param": {
        "data": {
            "data_sign": "Indian",
            "data_file": "Indian_10",
            "patch_size": 13,
            "batch_size": 65,
            "num_classes": 16,
            "pca": 200,
            "dim_heads": 64,
            "spectral_size": 200
        },
        "net": {
            "trainer": "rwkvformer",
            "depth": 4,
            "dim": 64,
            "heads": 24,
            "kernal": 5,
            "padding": 2
        },
        "train": {
            "epochs": 10,
            "lr": 0.001,
            "weight_decay": 0
        },
        "uniq_name": "Indian_test"
    },
    "eval": {
        "classification": "                              precision    recall  f1-score   support\n\n                     Alfalfa     0.4000    1.0000    0.5714        36\n                 Corn-notill     0.7673    0.4069    0.5318      1418\n                Corn-mintill     0.4092    0.4122    0.4107       820\n                        Corn     0.3500    0.9251    0.5079       227\n               Grass-pasture     0.8846    0.8753    0.8799       473\n                 Grass-trees     0.8072    0.9708    0.8815       720\n         Grass-pasture-mowed     0.3673    1.0000    0.5373        18\n               Hay-windrowed     0.9882    0.8910    0.9371       468\n                        Oats     0.0943    1.0000    0.1724        10\n              Soybean-notill     0.4919    0.6923    0.5751       962\n             Soybean-mintill     0.7123    0.4851    0.5771      2445\n               Soybean-clean     0.4875    0.8336    0.6152       583\n                       Wheat     0.9104    0.9897    0.9484       195\n                       Woods     0.9609    0.8430    0.8981      1255\nBuildings-Grass-Trees-Drives     0.6831    0.8484    0.7568       376\n          Stone-Steel-Towers     0.7281    1.0000    0.8426        83\n\n                    accuracy                         0.6651     10089\n                   macro avg     0.6276    0.8233    0.6652     10089\n                weighted avg     0.7123    0.6651    0.6658     10089\n",
        "oa": 66.50807810486668,
        "confusion": "[[  36    0    0    0    0    0    0    0    0    0    0    0    0    0\n     0    0]\n [   0  577  120  180    6   16    6    1   12  237  189   56    0    8\n     4    6]\n [   0   12  338  113    2    4    0    0   15   37  152  133   11    2\n     1    0]\n [   0    2    6  210    0    0    0    0    7    0    0    1    0    0\n     1    0]\n [   0    4   11   10  414   11    7    0    9    2    1    1    0    3\n     0    0]\n [   0    0    0    0    2  699    0    0   15    0    2    0    0    1\n     1    0]\n [   0    0    0    0    0    0   18    0    0    0    0    0    0    0\n     0    0]\n [  46    0    0    1    0    0    2  417    0    0    0    0    0    1\n     1    0]\n [   0    0    0    0    0    0    0    0   10    0    0    0    0    0\n     0    0]\n [   1   31   34    9   10   37    6    2   10  666  126   20    2    4\n     4    0]\n [   3  125  289   23   10   68    4    1   10  407 1186  299    4    6\n     8    2]\n [   1    1   18   41    2    0    0    0    1    2    6  486    0    0\n     2   23]\n [   0    0    0    0    0    0    0    0    2    0    0    0  193    0\n     0    0]\n [   3    0   10    9   22    6    6    1    8    3    3    0    0 1058\n   126    0]\n [   0    0    0    4    0   25    0    0    7    0    0    1    2   18\n   319    0]\n [   0    0    0    0    0    0    0    0    0    0    0    0    0    0\n     0   83]]",
        "each_acc": "[100.          40.69111425  41.2195122   92.51101322  87.52642706\n  97.08333333 100.          89.1025641  100.          69.23076923\n  48.50715746  83.3619211   98.97435897  84.30278884  84.84042553\n 100.        ]",
        "aa": 82.33446158107829,
        "kappa": 62.6597853635412
    }
}