{
    "epoch_loss": {
        "type": "index_value",
        "index": [
            1,
            2,
            3,
            4,
            5,
            6,
            7,
            8,
            9,
            10,
            11,
            12,
            13,
            14,
            15,
            16,
            17,
            18,
            19,
            20,
            21,
            22,
            23,
            24,
            25,
            26,
            27,
            28,
            29,
            30,
            31,
            32,
            33,
            34,
            35,
            36,
            37,
            38,
            39,
            40,
            41,
            42,
            43,
            44,
            45,
            46,
            47,
            48,
            49,
            50,
            51,
            52,
            53,
            54,
            55,
            56,
            57,
            58,
            59,
            60,
            61,
            62,
            63,
            64,
            65,
            66,
            67,
            68,
            69,
            70,
            71,
            72,
            73,
            74,
            75,
            76,
            77,
            78,
            79,
            80,
            81,
            82,
            83,
            84,
            85,
            86,
            87,
            88,
            89,
            90,
            91,
            92,
            93,
            94,
            95,
            96,
            97,
            98,
            99,
            100
        ],
        "value": [
            2.645662115581,
            1.9758833086312706,
            1.5425358343480238,
            1.2772412006534748,
            1.080391966584903,
            0.9388498552699587,
            0.8607424364161136,
            0.7552233236049538,
            0.6670633687901852,
            0.6193528971565303,
            0.5098125636577606,
            0.4672235334987071,
            0.46360250907157785,
            0.4260861268684046,
            0.38603376808451184,
            0.3690110102518281,
            0.3563553697582501,
            0.2973552065998761,
            0.31169747594577163,
            0.2875831339563896,
            0.27570532518091484,
            0.2609593404540375,
            0.252123858168054,
            0.2764779543921129,
            0.22994784755048467,
            0.22639166085577722,
            0.21966013212257357,
            0.18757814357974636,
            0.17320278954150073,
            0.19500147640260299,
            0.17055258277192045,
            0.18863100814285563,
            0.17775091395449283,
            0.1664893060033001,
            0.1414267368503471,
            0.16660984905798043,
            0.15042917586084623,
            0.13755239724223292,
            0.12060174290368807,
            0.10814172807914108,
            0.10043645044093702,
            0.10830627315079988,
            0.10548013165148336,
            0.08659526933707408,
            0.11367953165587205,
            0.09869538625674461,
            0.10084089508919573,
            0.09678067205779588,
            0.10457246689431703,
            0.12130546275137076,
            0.10871567321357442,
            0.09998489265788847,
            0.10484977099877685,
            0.10982994718560532,
            0.08062854375857026,
            0.0925684124787352,
            0.11727189539528604,
            0.10967123263807439,
            0.09960529130341401,
            0.07846215456279355,
            0.11773581594339948,
            0.09804634797150519,
            0.0835984782663299,
            0.06521271855862283,
            0.08123145043961148,
            0.06442641936687392,
            0.07379866408100769,
            0.06369171419472837,
            0.0819252350214702,
            0.08286589831669829,
            0.06461114327965388,
            0.07558583045628534,
            0.04959351130163492,
            0.08189777929836245,
            0.06265479351268775,
            0.10357940369355145,
            0.08955652583668482,
            0.07295058250649651,
            0.10039495779618399,
            0.08331104723820046,
            0.08146690493866579,
            0.08621019369630671,
            0.09187246875754043,
            0.06319717840472264,
            0.09761171838018431,
            0.05455879116458679,
            0.06662153271930431,
            0.0642683496281727,
            0.05136901810209253,
            0.05941088672782948,
            0.07798641191712066,
            0.08574271057523898,
            0.0902051156136527,
            0.06691597329814043,
            0.06016900879678441,
            0.06837913029785476,
            0.08110751928900604,
            0.06646206138182932,
            0.061069481436218785,
            0.06916746185786689
        ]
    },
    "train_oa": {
        "type": "index_value",
        "index": [
            26,
            52,
            78
        ],
        "value": [
            27.322134387351777,
            67.68774703557312,
            58.79446640316206
        ]
    },
    "train_aa": {
        "type": "index_value",
        "index": [
            26,
            52,
            78
        ],
        "value": [
            20.941520176710426,
            81.64061417484616,
            73.30174968814431
        ]
    },
    "train_kappa": {
        "type": "index_value",
        "index": [
            26,
            52,
            78
        ],
        "value": [
            15.656775975882065,
            64.6832165397345,
            55.496804395018
        ]
    },
    "eval_time": 0.0,
    "param": {
        "data": {
            "data_sign": "Indian",
            "data_file": "Indian_10",
            "patch_size": 13,
            "batch_size": 65,
            "num_classes": 16,
            "pca": 200,
            "dim_heads": 64,
            "spectral_size": 200
        },
        "net": {
            "trainer": "rwkvformer",
            "depth": 4,
            "dim": 64,
            "mlp_dim": 8,
            "heads": 24,
            "kernal": 5,
            "padding": 2,
            "n_head": 4,
            "ctx_len": 169,
            "n_attn": 512,
            "head_size": 12,
            "n_embd": 128,
            "n_embd1": 512,
            "n_ffn": 64,
            "rwkv_tiny_attn": 64,
            "rwkv_tiny_head": 4
        },
        "train": {
            "epochs": 100,
            "lr": 0.001,
            "weight_decay": 0
        },
        "uniq_name": "Indian_test"
    },