{
    "epoch_loss": {
        "type": "index_value",
        "index": [
            1,
            2,
            3,
            4,
            5,
            6,
            7,
            8,
            9,
            10,
            11,
            12,
            13,
            14,
            15,
            16,
            17,
            18,
            19,
            20
        ],
        "value": [
            2.6228571385145187,
            1.6713882498443127,
            1.124773032963276,
            0.7970004212111235,
            0.596715085208416,
            0.42976067401468754,
            0.33678957913070917,
            0.2726669404655695,
            0.21312701608985662,
            0.15007083676755428,
            0.12435244466178119,
            0.10478607541881502,
            0.09683305048383772,
            0.07022153027355671,
            0.06353478133678436,
            0.054265406797640026,
            0.048181364429183304,
            0.0411400250159204,
            0.03975945385172963,
            0.03319186402950436
        ]
    },
    "eval_time": 0.0,
    "param": {
        "data": {
            "data_sign": "Indian",
            "data_file": "Indian_10",
            "patch_size": 13,
            "batch_size": 65,
            "num_classes": 16,
            "pca": 200,
            "dim_heads": 64,
            "spectral_size": 200
        },
        "net": {
            "trainer": "rwkvformer",
            "depth": 4,
            "dim": 64,
            "heads": 24,
            "kernal": 6,
            "padding": 2,
            "n_head": 1,
            "ctx_len": 169,
            "n_attn": 512,
            "head_size": 12,
            "n_embd": 128,
            "n_embd1": 512,
            "n_ffn": 256,
            "rwkv_tiny_attn": 64,
            "rwkv_tiny_head": 4
        },
        "train": {
            "epochs": 20,
            "lr": 0.001,
            "weight_decay": 0
        },
        "uniq_name": "Indian_test"
    },
    "eval": {
        "classification": "                              precision    recall  f1-score   support\n\n                     Alfalfa     1.0000    1.0000    1.0000        36\n                 Corn-notill     0.8765    0.7856    0.8286      1418\n                Corn-mintill     0.6234    0.8134    0.7058       820\n                        Corn     0.8745    0.9824    0.9253       227\n               Grass-pasture     0.8963    0.9323    0.9140       473\n                 Grass-trees     0.8457    0.9208    0.8816       720\n         Grass-pasture-mowed     0.7200    1.0000    0.8372        18\n               Hay-windrowed     0.9811    1.0000    0.9905       468\n                        Oats     0.1562    1.0000    0.2703        10\n              Soybean-notill     0.8165    0.8555    0.8355       962\n             Soybean-mintill     0.9665    0.6838    0.8010      2445\n               Soybean-clean     0.6522    0.8748    0.7473       583\n                       Wheat     0.7800    1.0000    0.8764       195\n                       Woods     0.9726    0.9904    0.9814      1255\nBuildings-Grass-Trees-Drives     0.8013    0.9548    0.8714       376\n          Stone-Steel-Towers     0.6975    1.0000    0.8218        83\n\n                    accuracy                         0.8450     10089\n                   macro avg     0.7913    0.9246    0.8305     10089\n                weighted avg     0.8678    0.8450    0.8469     10089\n",
        "oa": 84.49796808405193,
        "confusion": "[[  36    0    0    0    0    0    0    0    0    0    0    0    0    0\n     0    0]\n [   0 1114  113    0    1   35    0    0    0   66   52    1    0    7\n    29    0]\n [   0    4  667   21   17    0    0    0    7   20    0   32   52    0\n     0    0]\n [   0    0    0  223    0    0    0    0    0    0    0    4    0    0\n     0    0]\n [   0    0   21    0  441    0    7    0    1    0    0    3    0    0\n     0    0]\n [   0    0    1    0    2  663    0    0   46    0    1    7    0    0\n     0    0]\n [   0    0    0    0    0    0   18    0    0    0    0    0    0    0\n     0    0]\n [   0    0    0    0    0    0    0  468    0    0    0    0    0    0\n     0    0]\n [   0    0    0    0    0    0    0    0   10    0    0    0    0    0\n     0    0]\n [   0   60   55    0    5    0    0    0    0  823    4    8    0    7\n     0    0]\n [   0   93  213    0   22   85    0    6    0   70 1672  216    3   21\n    44    0]\n [   0    0    0   11    0    0    0    0    0   16    0  510    0    0\n    10   36]\n [   0    0    0    0    0    0    0    0    0    0    0    0  195    0\n     0    0]\n [   0    0    0    0    0    0    0    3    0    2    1    0    0 1243\n     6    0]\n [   0    0    0    0    4    1    0    0    0   11    0    1    0    0\n   359    0]\n [   0    0    0    0    0    0    0    0    0    0    0    0    0    0\n     0   83]]",
        "each_acc": "[100.          78.56135402  81.34146341  98.23788546  93.2346723\n  92.08333333 100.         100.         100.          85.55093555\n  68.38445808  87.47855918 100.          99.0438247   95.4787234\n 100.        ]",
        "aa": 92.46220059034228,
        "kappa": 82.57234339803804
    }
}