{
    "epoch_loss": {
        "type": "index_value",
        "index": [
            1,
            2,
            3,
            4,
            5,
            6,
            7,
            8,
            9,
            10,
            11,
            12,
            13,
            14,
            15,
            16,
            17,
            18,
            19,
            20,
            21,
            22,
            23,
            24,
            25,
            26,
            27,
            28,
            29,
            30,
            31,
            32,
            33,
            34,
            35,
            36,
            37,
            38,
            39,
            40
        ],
        "value": [
            2.795151256803256,
            2.4910101232244006,
            1.839845073756887,
            1.4174786672663333,
            1.2065363944466434,
            0.9382637645771255,
            0.8539336510558626,
            0.7119667289861992,
            0.5947684325389008,
            0.5474778209159623,
            0.45766215426708334,
            0.4198351159914216,
            0.3834045589414995,
            0.3318637607257758,
            0.3207656178456634,
            0.30674804280053325,
            0.3304530669059326,
            0.28543329161049713,
            0.24967925272770783,
            0.22610696916704748,
            0.22163968955847754,
            0.20252659160699418,
            0.21080682938223455,
            0.19986459790770686,
            0.17375163633876772,
            0.1981909342888576,
            0.17185541742773197,
            0.1714839724017613,
            0.14776004495015785,
            0.14686362879044973,
            0.16213882614427538,
            0.14513059216203975,
            0.14082449079671902,
            0.1274126772004277,
            0.10426893813618973,
            0.1015388361776053,
            0.12446868758815438,
            0.13551033538446497,
            0.10608718171715736,
            0.12026516609449885
        ]
    },
    "train_oa": {
        "type": "index_value",
        "index": [
            26
        ],
        "value": [
            83.59683794466403
        ]
    },
    "train_aa": {
        "type": "index_value",
        "index": [
            26
        ],
        "value": [
            91.62095028071803
        ]
    },
    "train_kappa": {
        "type": "index_value",
        "index": [
            26
        ],
        "value": [
            81.64842664633332
        ]
    },
    "eval_time": 0.0,
    "param": {
        "data": {
            "data_sign": "Indian",
            "data_file": "Indian_10",
            "patch_size": 13,
            "batch_size": 65,
            "num_classes": 16,
            "pca": 200,
            "dim_heads": 64,
            "spectral_size": 200
        },
        "net": {
            "trainer": "rwkvformer",
            "depth": 4,
            "dim": 64,
            "mlp_dim": 8,
            "heads": 24,
            "kernal": 6,
            "padding": 2,
            "n_head": 4,
            "ctx_len": 169,
            "n_attn": 512,
            "head_size": 12,
            "n_embd": 128,
            "n_embd1": 512,
            "n_ffn": 64,
            "rwkv_tiny_attn": 64,
            "rwkv_tiny_head": 4
        },
        "train": {
            "epochs": 40,
            "lr": 0.001,
            "weight_decay": 0
        },
        "uniq_name": "Indian_test"
    },
    "eval": {
        "classification": "                              precision    recall  f1-score   support\n\n                     Alfalfa     0.7857    1.0000    0.8800        11\n                 Corn-notill     0.9684    0.6866    0.8035       268\n                Corn-mintill     0.9145    0.7943    0.8502       175\n                        Corn     0.8810    0.9737    0.9250        38\n               Grass-pasture     0.8864    0.8041    0.8432        97\n                 Grass-trees     0.5787    0.8889    0.7010       153\n         Grass-pasture-mowed     0.1905    1.0000    0.3200         4\n               Hay-windrowed     1.0000    0.9904    0.9952       104\n                        Oats     0.0370    1.0000    0.0714         1\n              Soybean-notill     0.8039    0.8000    0.8020       205\n             Soybean-mintill     0.9555    0.6895    0.8010       467\n               Soybean-clean     0.6420    0.8739    0.7402       119\n                       Wheat     0.5789    1.0000    0.7333        33\n                       Woods     0.9540    0.9620    0.9580       237\nBuildings-Grass-Trees-Drives     0.7244    0.9583    0.8251        96\n          Stone-Steel-Towers     0.6154    1.0000    0.7619        16\n\n                    accuracy                         0.8162      2024\n                   macro avg     0.7198    0.9014    0.7507      2024\n                weighted avg     0.8661    0.8162    0.8261      2024\n",
        "oa": 81.62055335968378,
        "confusion": "[[ 11   0   0   0   0   0   0   0   0   0   0   0   0   0   0   0]\n [  0 184   3   0   0  32   0   0   0  25  15   1   0   2   6   0]\n [  0   0 139   5   1   3   0   0   5   0   0   7  15   0   0   0]\n [  0   0   0  37   0   0   0   0   0   0   0   1   0   0   0   0]\n [  0   0   7   0  78   1   1   0   8   0   0   0   2   0   0   0]\n [  0   0   0   0   0 136   0   0  13   0   0   4   0   0   0   0]\n [  0   0   0   0   0   0   4   0   0   0   0   0   0   0   0   0]\n [  0   0   0   0   0   0   0 103   0   0   0   0   0   1   0   0]\n [  0   0   0   0   0   0   0   0   1   0   0   0   0   0   0   0]\n [  2   0   2   0   0  19   5   0   0 164   0  11   0   2   0   0]\n [  0   6   1   0   9  39  11   0   0   6 322  34   7   6  26   0]\n [  0   0   0   0   0   0   0   0   0   4   0 104   0   0   1  10]\n [  0   0   0   0   0   0   0   0   0   0   0   0  33   0   0   0]\n [  1   0   0   0   0   5   0   0   0   1   0   0   0 228   2   0]\n [  0   0   0   0   0   0   0   0   0   4   0   0   0   0  92   0]\n [  0   0   0   0   0   0   0   0   0   0   0   0   0   0   0  16]]",
        "each_acc": "[100.          68.65671642  79.42857143  97.36842105  80.41237113\n  88.88888889 100.          99.03846154 100.          80.\n  68.95074946  87.39495798 100.          96.20253165  95.83333333\n 100.        ]",
        "aa": 90.13593768045305,
        "kappa": 79.49756329881714
    }
}