{
    "epoch_loss": {
        "type": "index_value",
        "index": [
            1,
            2,
            3,
            4,
            5,
            6,
            7,
            8,
            9,
            10,
            11,
            12,
            13,
            14,
            15,
            16,
            17,
            18,
            19,
            20
        ],
        "value": [
            2.7034043967723846,
            1.8548509180545807,
            1.2441968135535717,
            0.8797579146921635,
            0.6614322476089001,
            0.5151129234582186,
            0.3989079697057605,
            0.29031180404126644,
            0.25851040659472346,
            0.1990162399597466,
            0.15108284773305058,
            0.1941476915962994,
            0.10651652724482119,
            0.12136128381825984,
            0.12265999405644834,
            0.06169301038607955,
            0.10216451319865882,
            0.050130403018556535,
            0.06282119185198098,
            0.05178481386974454
        ]
    },
    "eval_time": 0.0,
    "param": {
        "data": {
            "data_sign": "Indian",
            "data_file": "Indian_10",
            "patch_size": 13,
            "batch_size": 65,
            "num_classes": 16,
            "pca": 200,
            "dim_heads": 64,
            "spectral_size": 200
        },
        "net": {
            "trainer": "rwkvformer",
            "depth": 4,
            "dim": 64,
            "heads": 24,
            "kernal": 6,
            "padding": 2,
            "n_head": 1,
            "ctx_len": 169,
            "n_attn": 512,
            "head_size": 12,
            "n_embd": 128,
            "n_embd1": 512,
            "n_ffn": 64,
            "rwkv_tiny_attn": 64,
            "rwkv_tiny_head": 4
        },
        "train": {
            "epochs": 20,
            "lr": 0.001,
            "weight_decay": 0
        },
        "uniq_name": "Indian_test"
    },
    "eval": {
        "classification": "                              precision    recall  f1-score   support\n\n                     Alfalfa     0.9231    1.0000    0.9600        36\n                 Corn-notill     0.9176    0.8322    0.8728      1418\n                Corn-mintill     0.8598    0.8598    0.8598       820\n                        Corn     0.8534    1.0000    0.9209       227\n               Grass-pasture     0.7243    0.8943    0.8004       473\n                 Grass-trees     0.8546    0.9472    0.8986       720\n         Grass-pasture-mowed     0.5455    1.0000    0.7059        18\n               Hay-windrowed     0.9979    1.0000    0.9989       468\n                        Oats     0.2083    1.0000    0.3448        10\n              Soybean-notill     0.8180    0.9345    0.8724       962\n             Soybean-mintill     0.9621    0.7055    0.8141      2445\n               Soybean-clean     0.6413    0.8679    0.7376       583\n                       Wheat     0.8405    1.0000    0.9133       195\n                       Woods     0.9719    0.9912    0.9815      1255\nBuildings-Grass-Trees-Drives     0.8437    0.9761    0.9051       376\n          Stone-Steel-Towers     0.7034    1.0000    0.8259        83\n\n                    accuracy                         0.8691     10089\n                   macro avg     0.7916    0.9380    0.8382     10089\n                weighted avg     0.8863    0.8691    0.8696     10089\n",
        "oa": 86.90653186638913,
        "confusion": "[[  36    0    0    0    0    0    0    0    0    0    0    0    0    0\n     0    0]\n [   0 1180   50    0    4   31    0    0    0   61   67    0    0    5\n    20    0]\n [   0    5  705   21    8    0    0    0    8   17    0   20   36    0\n     0    0]\n [   0    0    0  227    0    0    0    0    0    0    0    0    0    0\n     0    0]\n [   0    0   35    0  423    0   13    0    0    0    0    2    0    0\n     0    0]\n [   0    3    0    0    6  682    0    0   29    0    0    0    0    0\n     0    0]\n [   0    0    0    0    0    0   18    0    0    0    0    0    0    0\n     0    0]\n [   0    0    0    0    0    0    0  468    0    0    0    0    0    0\n     0    0]\n [   0    0    0    0    0    0    0    0   10    0    0    0    0    0\n     0    0]\n [   2   44    3    0    0    0    0    0    0  899    1    5    0    8\n     0    0]\n [   0   54   27    0  140   85    2    0    1   96 1725  256    1   23\n    35    0]\n [   0    0    0   17    0    0    0    0    0   17    0  506    0    0\n     8   35]\n [   0    0    0    0    0    0    0    0    0    0    0    0  195    0\n     0    0]\n [   1    0    0    1    0    0    0    1    0    3    0    0    0 1244\n     5    0]\n [   0    0    0    0    3    0    0    0    0    6    0    0    0    0\n   367    0]\n [   0    0    0    0    0    0    0    0    0    0    0    0    0    0\n     0   83]]",
        "each_acc": "[100.          83.2157969   85.97560976 100.          89.42917548\n  94.72222222 100.         100.         100.          93.45114345\n  70.55214724  86.79245283 100.          99.12350598  97.60638298\n 100.        ]",
        "aa": 93.80427730165376,
        "kappa": 85.26244896413328
    }
}