{
    "epoch_loss": {
        "type": "index_value",
        "index": [
            1,
            2,
            3,
            4,
            5,
            6,
            7,
            8,
            9,
            10,
            11,
            12,
            13,
            14,
            15,
            16,
            17,
            18,
            19,
            20
        ],
        "value": [
            2.746523184562797,
            2.091645667802042,
            1.5189539549955682,
            1.2077134376141563,
            0.9017211768164564,
            0.7408741023113479,
            0.6913056920713453,
            0.6009615259384041,
            0.5120351076570909,
            0.44452424569806054,
            0.3664926612999902,
            0.3719147383721907,
            0.3390399084162356,
            0.31276076642879796,
            0.2890403533159797,
            0.25733065049150095,
            0.2581001550181588,
            0.24557782164705333,
            0.23874389391336867,
            0.24259158401791728
        ]
    },
    "eval_time": 0.0,
    "param": {
        "data": {
            "data_sign": "Indian",
            "data_file": "Indian_10",
            "patch_size": 13,
            "batch_size": 65,
            "num_classes": 16,
            "pca": 200,
            "dim_heads": 64,
            "spectral_size": 200
        },
        "net": {
            "trainer": "rwkvformer",
            "depth": 4,
            "dim": 64,
            "heads": 24,
            "kernal": 6,
            "padding": 2,
            "n_head": 1,
            "ctx_len": 169,
            "n_attn": 512,
            "head_size": 12,
            "n_embd": 128,
            "n_embd1": 512,
            "n_ffn": 64,
            "rwkv_tiny_attn": 64,
            "rwkv_tiny_head": 4
        },
        "train": {
            "epochs": 20,
            "lr": 0.001,
            "weight_decay": 0
        },
        "uniq_name": "Indian_test"
    },
    "eval": {
        "classification": "                              precision    recall  f1-score   support\n\n                     Alfalfa     0.9167    1.0000    0.9565        11\n                 Corn-notill     0.8951    0.8918    0.8935       268\n                Corn-mintill     0.8805    0.8000    0.8383       175\n                        Corn     0.8409    0.9737    0.9024        38\n               Grass-pasture     0.9375    0.9278    0.9326        97\n                 Grass-trees     0.8182    0.9412    0.8754       153\n         Grass-pasture-mowed     0.2222    1.0000    0.3636         4\n               Hay-windrowed     1.0000    1.0000    1.0000       104\n                        Oats     0.0526    1.0000    0.1000         1\n              Soybean-notill     0.9461    0.7707    0.8495       205\n             Soybean-mintill     0.9164    0.7281    0.8115       467\n               Soybean-clean     0.6235    0.8487    0.7189       119\n                       Wheat     0.6226    1.0000    0.7674        33\n                       Woods     0.9701    0.9578    0.9639       237\nBuildings-Grass-Trees-Drives     0.8636    0.9896    0.9223        96\n          Stone-Steel-Towers     0.5000    1.0000    0.6667        16\n\n                    accuracy                         0.8597      2024\n                   macro avg     0.7504    0.9268    0.7852      2024\n                weighted avg     0.8866    0.8597    0.8659      2024\n",
        "oa": 85.96837944664031,
        "confusion": "[[ 11   0   0   0   0   0   0   0   0   0   0   0   0   0   0   0]\n [  0 239   5   1   0   2   0   0   3   5  10   0   0   0   3   0]\n [  0   0 140   6   0   0   0   0   2   0   4   5  17   1   0   0]\n [  0   1   0  37   0   0   0   0   0   0   0   0   0   0   0   0]\n [  0   0   4   0  90   0   3   0   0   0   0   0   0   0   0   0]\n [  0   0   0   0   0 144   0   0   9   0   0   0   0   0   0   0]\n [  0   0   0   0   0   0   4   0   0   0   0   0   0   0   0   0]\n [  0   0   0   0   0   0   0 104   0   0   0   0   0   0   0   0]\n [  0   0   0   0   0   0   0   0   1   0   0   0   0   0   0   0]\n [  1   8   2   0   5   3   5   0   1 158  17   3   0   2   0   0]\n [  0  18   8   0   1  27   6   0   0   2 340  53   3   4   5   0]\n [  0   0   0   0   0   0   0   0   0   2   0 101   0   0   0  16]\n [  0   0   0   0   0   0   0   0   0   0   0   0  33   0   0   0]\n [  0   0   0   0   0   0   0   0   3   0   0   0   0 227   7   0]\n [  0   1   0   0   0   0   0   0   0   0   0   0   0   0  95   0]\n [  0   0   0   0   0   0   0   0   0   0   0   0   0   0   0  16]]",
        "each_acc": "[100.          89.17910448  80.          97.36842105  92.78350515\n  94.11764706 100.         100.         100.          77.07317073\n  72.80513919  84.87394958 100.          95.78059072  98.95833333\n 100.        ]",
        "aa": 92.68374133076087,
        "kappa": 84.26538961101173
    }
}