{
    "epoch_loss": {
        "type": "index_value",
        "index": [
            1,
            2,
            3,
            4,
            5,
            6,
            7,
            8,
            9,
            10,
            11,
            12,
            13,
            14,
            15,
            16,
            17,
            18,
            19,
            20,
            21,
            22,
            23,
            24,
            25,
            26,
            27,
            28,
            29,
            30,
            31,
            32,
            33,
            34,
            35,
            36,
            37,
            38,
            39,
            40,
            41,
            42,
            43,
            44,
            45,
            46,
            47,
            48,
            49,
            50,
            51,
            52,
            53,
            54,
            55,
            56,
            57,
            58,
            59,
            60,
            61,
            62,
            63,
            64,
            65,
            66,
            67,
            68,
            69,
            70,
            71,
            72,
            73,
            74,
            75,
            76,
            77,
            78,
            79,
            80,
            81,
            82,
            83,
            84,
            85,
            86,
            87,
            88,
            89,
            90,
            91,
            92,
            93,
            94,
            95,
            96,
            97,
            98,
            99,
            100
        ],
        "value": [
            2.8436356112360954,
            2.4101418256759644,
            1.955456718802452,
            1.6177315637469292,
            1.3705525435507298,
            1.2070049084722996,
            1.0391386710107327,
            0.8709661420434713,
            0.7947383597493172,
            0.7143127974122763,
            0.6257462985813618,
            0.504537177272141,
            0.46803370770066977,
            0.3743261182680726,
            0.31449089758098125,
            0.2945726877078414,
            0.22798840096220374,
            0.21054708119481802,
            0.20848224917426705,
            0.1801024042069912,
            0.17418899899348617,
            0.1302249231375754,
            0.12104020663537085,
            0.11399186961352825,
            0.10470933699980378,
            0.10508084646426141,
            0.08753896574489772,
            0.08837252832017839,
            0.0748927986714989,
            0.07338285213336349,
            0.06102187617216259,
            0.0650692213093862,
            0.06317385286092758,
            0.0538981108693406,
            0.06772090564481914,
            0.05067993886768818,
            0.0476528542349115,
            0.049283146974630654,
            0.04598478728439659,
            0.03525445028208196,
            0.03983700997196138,
            0.03500316315330565,
            0.039500666433013976,
            0.03202597366180271,
            0.03358842839952558,
            0.03185225784545764,
            0.031121746927965432,
            0.040203678770922124,
            0.02800796303199604,
            0.0356096348259598,
            0.030149854312185198,
            0.026702330040279776,
            0.031530648935586214,
            0.019808227370958775,
            0.02394742681644857,
            0.01953958865487948,
            0.020889723295113072,
            0.020381538721267134,
            0.017150101077277213,
            0.018016836780589074,
            0.017097574978834018,
            0.01906394853722304,
            0.016728064889321104,
            0.019584714027587324,
            0.01721074673696421,
            0.02372189424932003,
            0.017346708598779514,
            0.0136883087689057,
            0.017714735527988523,
            0.015574765915516764,
            0.0196533216512762,
            0.01904780839686282,
            0.01924859668361023,
            0.014762429083930328,
            0.01427764049731195,
            0.013587391644250602,
            0.01383523119147867,
            0.012664523150306195,
            0.013477137923473492,
            0.013344314880669117,
            0.01347091604839079,
            0.01040453182940837,
            0.010898360807914287,
            0.009176084655337036,
            0.012808666710043326,
            0.009775826300028712,
            0.01034074416384101,
            0.007888347856351174,
            0.009351902132038958,
            0.008640260639367625,
            0.012391752621624619,
            0.014149623224511743,
            0.008278845372842625,
            0.010293123094015755,
            0.0073049938946496695,
            0.009145267060375772,
            0.01091071849805303,
            0.011832583753857762,
            0.006423371843993664,
            0.010033541548182257
        ]
    },
    "train_oa": {
        "type": "index_value",
        "index": [
            20,
            40,
            60,
            80,
            100
        ],
        "value": [
            72.20735454455347,
            71.70185350381604,
            71.1269699672911,
            71.57300029735354,
            71.39458816532857
        ]
    },
    "train_aa": {
        "type": "index_value",
        "index": [
            20,
            40,
            60,
            80,
            100
        ],
        "value": [
            85.53779700660318,
            85.0148287217161,
            84.91514743414027,
            85.18147523974815,
            84.80841432106958
        ]
    },
    "train_kappa": {
        "type": "index_value",
        "index": [
            20,
            40,
            60,
            80,
            100
        ],
        "value": [
            69.01826575482053,
            68.45952602064096,
            67.86604923019475,
            68.36932275828123,
            68.15354180120433
        ]
    },
    "eval_time": 0.0,
    "param": {
        "data": {
            "data_sign": "Indian",
            "data_file": "Indian_10",
            "patch_size": 13,
            "batch_size": 65,
            "num_classes": 16,
            "pca": 200,
            "dim_heads": 64,
            "spectral_size": 200
        },
        "net": {
            "trainer": "rwkvformer",
            "depth": 4,
            "dim": 64,
            "heads": 24,
            "kernal": 5,
            "padding": 2
        },
        "train": {
            "epochs": 100,
            "lr": 0.001,
            "weight_decay": 0
        },
        "uniq_name": "Indian_test"
    },