{
    "epoch_loss": {
        "type": "index_value",
        "index": [
            1,
            2,
            3,
            4,
            5,
            6,
            7,
            8,
            9,
            10,
            11,
            12,
            13,
            14,
            15,
            16,
            17,
            18,
            19,
            20,
            21,
            22,
            23,
            24,
            25,
            26,
            27,
            28,
            29,
            30,
            31,
            32,
            33,
            34,
            35,
            36,
            37,
            38,
            39,
            40,
            41,
            42,
            43,
            44,
            45,
            46,
            47,
            48,
            49,
            50,
            51,
            52,
            53,
            54,
            55,
            56,
            57,
            58,
            59,
            60,
            61,
            62,
            63,
            64,
            65,
            66,
            67,
            68,
            69,
            70,
            71,
            72,
            73,
            74,
            75,
            76,
            77,
            78,
            79,
            80,
            81,
            82,
            83,
            84,
            85,
            86,
            87,
            88,
            89,
            90,
            91,
            92,
            93,
            94,
            95,
            96,
            97,
            98,
            99,
            100
        ],
        "value": [
            2.66235411878842,
            2.0270452704002606,
            1.6777850336103297,
            1.4425827469398727,
            1.1664267938528488,
            0.9678393691333372,
            0.8277193632588458,
            0.736792074655419,
            0.6742501414533871,
            0.59718370393141,
            0.5495416197314191,
            0.4975778320387228,
            0.46005026173235763,
            0.3978942041076831,
            0.3680796471994315,
            0.35433867684940795,
            0.30741556922891244,
            0.31498929947169857,
            0.2722072704736866,
            0.2569189399703225,
            0.24158061151184254,
            0.2350340382154308,
            0.22955348898670566,
            0.21313749109186345,
            0.19913174378782955,
            0.16801415828626548,
            0.16330405813989354,
            0.1672228614785778,
            0.15805079365399347,
            0.15996770249373876,
            0.1395551036876529,
            0.18406728860824856,
            0.18357663568276078,
            0.18884503618994755,
            0.16186831046396227,
            0.14431419156825365,
            0.16473749368938048,
            0.10947376645323056,
            0.10141720533815783,
            0.12288632438476406,
            0.11767991921350138,
            0.09777653628765647,
            0.10929687515790783,
            0.07768834654742213,
            0.12416730921215086,
            0.11415129049278017,
            0.12185470976713877,
            0.13067452715181593,
            0.12549897466800106,
            0.10794652192227876,
            0.09228958272889479,
            0.11920697786914769,
            0.09178161298605933,
            0.10985000242493045,
            0.11223493177276939,
            0.10399471228914474,
            0.0938815766973282,
            0.10005045704432387,
            0.09248063841195249,
            0.07554985910876473,
            0.08282545153329622,
            0.08092605987035517,
            0.08905758483529981,
            0.11395022184101504,
            0.08005611895958879,
            0.056728002851578724,
            0.06333612247523088,
            0.10402127766787116,
            0.14183225399300234,
            0.08836403288948003,
            0.12302713207344511,
            0.051154842238817645,
            0.0958723656054753,
            0.05349485979262573,
            0.06321930393243014,
            0.08050919524324474,
            0.06660836682057203,
            0.08563940885907678,
            0.061496170070856365,
            0.06274306154184377,
            0.05433966402909649,
            0.051339386559244415,
            0.05698432979076656,
            0.07204637251127122,
            0.05941743289690409,
            0.03945579702284799,
            0.06349429891291838,
            0.03526647778144523,
            0.035601529584669354,
            0.03788463223669956,
            0.030326923744669602,
            0.04919147608217908,
            0.055726558470459125,
            0.04962178418385004,
            0.05159202262536803,
            0.05771456072245961,
            0.032857882011848596,
            0.07261266442599582,
            0.06372030857783645,
            0.04672392021253038
        ]
    },
    "train_oa": {
        "type": "index_value",
        "index": [
            26,
            52,
            78
        ],
        "value": [
            56.62055335968379,
            68.13241106719367,
            69.66403162055336
        ]
    },
    "train_aa": {
        "type": "index_value",
        "index": [
            26,
            52,
            78
        ],
        "value": [
            59.612661536532606,
            78.68561571607333,
            83.8382598874422
        ]
    },
    "train_kappa": {
        "type": "index_value",
        "index": [
            26,
            52,
            78
        ],
        "value": [
            52.20114621149584,
            64.19174974051994,
            66.53239076280886
        ]
    },
    "eval_time": 0.0,
    "param": {
        "data": {
            "data_sign": "Indian",
            "data_file": "Indian_10",
            "patch_size": 13,
            "batch_size": 65,
            "num_classes": 16,
            "pca": 200,
            "dim_heads": 64,
            "spectral_size": 200
        },
        "net": {
            "trainer": "rwkvformer",
            "depth": 4,
            "dim": 64,
            "mlp_dim": 8,
            "heads": 24,
            "kernal": 5,
            "padding": 2,
            "n_head": 4,
            "ctx_len": 169,
            "n_attn": 512,
            "head_size": 12,
            "n_embd": 128,
            "n_embd1": 512,
            "n_ffn": 64,
            "rwkv_tiny_attn": 64,
            "rwkv_tiny_head": 4
        },
        "train": {
            "epochs": 100,
            "lr": 0.001,
            "weight_decay": 0
        },
        "uniq_name": "Indian_test"
    },