{
    "epoch_loss": {
        "type": "index_value",
        "index": [
            1,
            2,
            3,
            4,
            5,
            6,
            7,
            8,
            9,
            10,
            11,
            12,
            13,
            14,
            15,
            16,
            17,
            18,
            19,
            20,
            21,
            22,
            23,
            24,
            25,
            26,
            27,
            28,
            29,
            30,
            31,
            32,
            33,
            34,
            35,
            36,
            37,
            38,
            39,
            40,
            41,
            42,
            43,
            44,
            45,
            46,
            47,
            48,
            49,
            50
        ],
        "value": [
            2.7776559963822365,
            2.382816419005394,
            1.985020723193884,
            1.5792210213840008,
            1.3473218344151974,
            1.1076936088502407,
            0.9917309172451496,
            0.8287870902568102,
            0.7293734960258007,
            0.6757298484444618,
            0.6119692530483007,
            0.4699296476319432,
            0.4029911635443568,
            0.38163775112479925,
            0.3407549476251006,
            0.29955255798995495,
            0.26631475519388914,
            0.2353642233647406,
            0.17677127616479993,
            0.1753256032243371,
            0.15711341612040997,
            0.14027486136183143,
            0.10824835975654423,
            0.12588557577691972,
            0.09790694969706237,
            0.09691846766509116,
            0.0727231262717396,
            0.0840579685755074,
            0.07124666427262127,
            0.07191253430210054,
            0.06788108928594738,
            0.0541881782701239,
            0.05279367417097092,
            0.06920284579973668,
            0.05307691509369761,
            0.04111717455089092,
            0.05355762387625873,
            0.04605190164875239,
            0.05400881334207952,
            0.042279243119992316,
            0.038077720324508846,
            0.033113489975221455,
            0.033061100577469915,
            0.03549656132236123,
            0.032804618356749415,
            0.03794324758928269,
            0.026341527234762907,
            0.026521208987105638,
            0.02908813941758126,
            0.02571592095773667
        ]
    },
    "train_oa": {
        "type": "index_value",
        "index": [
            26
        ],
        "value": [
            74.3780354841907
        ]
    },
    "train_aa": {
        "type": "index_value",
        "index": [
            26
        ],
        "value": [
            84.54184198886124
        ]
    },
    "train_kappa": {
        "type": "index_value",
        "index": [
            26
        ],
        "value": [
            71.01331163664369
        ]
    },
    "eval_time": 0.0,
    "param": {
        "data": {
            "data_sign": "Indian",
            "data_file": "Indian_10",
            "patch_size": 13,
            "batch_size": 65,
            "num_classes": 16,
            "pca": 200,
            "dim_heads": 64,
            "spectral_size": 200
        },
        "net": {
            "trainer": "rwkvformer",
            "depth": 4,
            "dim": 64,
            "heads": 24,
            "kernal": 5,
            "padding": 2
        },
        "train": {
            "epochs": 50,
            "lr": 0.001,
            "weight_decay": 0
        },
        "uniq_name": "Indian_test"
    },
    "eval": {
        "classification": "                              precision    recall  f1-score   support\n\n                     Alfalfa     0.4235    1.0000    0.5950        36\n                 Corn-notill     0.8440    0.4577    0.5935      1418\n                Corn-mintill     0.5259    0.6305    0.5735       820\n                        Corn     0.5138    0.9031    0.6550       227\n               Grass-pasture     0.9302    0.9302    0.9302       473\n                 Grass-trees     0.9748    0.9681    0.9714       720\n         Grass-pasture-mowed     0.8182    1.0000    0.9000        18\n               Hay-windrowed     1.0000    0.8803    0.9364       468\n                        Oats     0.4762    1.0000    0.6452        10\n              Soybean-notill     0.5784    0.7900    0.6678       962\n             Soybean-mintill     0.7483    0.6773    0.7110      2445\n               Soybean-clean     0.6181    0.8216    0.7054       583\n                       Wheat     0.9602    0.9897    0.9747       195\n                       Woods     0.9761    0.9116    0.9427      1255\nBuildings-Grass-Trees-Drives     0.7760    0.9122    0.8386       376\n          Stone-Steel-Towers     0.8925    1.0000    0.9432        83\n\n                    accuracy                         0.7575     10089\n                   macro avg     0.7535    0.8670    0.7865     10089\n                weighted avg     0.7844    0.7575    0.7574     10089\n",
        "oa": 75.74586182971554,
        "confusion": "[[  36    0    0    0    0    0    0    0    0    0    0    0    0    0\n     0    0]\n [   0  649  148   96    1    2    0    0    1  213  273   14    0    3\n    18    0]\n [   0    4  517   58    1    0    0    0    3   27  106  100    3    0\n     1    0]\n [   0    3   15  205    0    0    0    0    1    0    2    1    0    0\n     0    0]\n [   0    6   11    1  440    0    4    0    0    2    5    1    0    1\n     2    0]\n [   0    0    3    0   11  697    0    0    1    3    4    0    1    0\n     0    0]\n [   0    0    0    0    0    0   18    0    0    0    0    0    0    0\n     0    0]\n [  47    1    1    0    0    0    0  412    0    2    4    0    1    0\n     0    0]\n [   0    0    0    0    0    0    0    0   10    0    0    0    0    0\n     0    0]\n [   0    9   31    2    7    1    0    0    2  760  147    1    0    1\n     1    0]\n [   0   92  209    4    2   14    0    0    1  284 1656  179    1    2\n     1    0]\n [   0    5   37   31    4    0    0    0    0    3   10  479    0    0\n     4   10]\n [   0    0    0    0    1    0    0    0    1    0    0    0  193    0\n     0    0]\n [   2    0    8    0    5    0    0    0    1   17    6    0    0 1144\n    72    0]\n [   0    0    3    2    1    1    0    0    0    3    0    0    2   21\n   343    0]\n [   0    0    0    0    0    0    0    0    0    0    0    0    0    0\n     0   83]]",
        "each_acc": "[100.          45.76868829  63.04878049  90.30837004  93.02325581\n  96.80555556 100.          88.03418803 100.          79.002079\n  67.73006135  82.16123499  98.97435897  91.15537849  91.22340426\n 100.        ]",
        "aa": 86.70220970549097,
        "kappa": 72.58594121464914
    }
}