{
    "epoch_loss": {
        "type": "index_value",
        "index": [
            1,
            2,
            3,
            4,
            5,
            6,
            7,
            8,
            9,
            10
        ],
        "value": [
            2.862815208733082,
            2.3109957426786423,
            1.830462235957384,
            1.428409367799759,
            1.2116967886686325,
            1.0413132347166538,
            0.858973415568471,
            0.7745500020682812,
            0.6693936046212912,
            0.5202068667858839
        ]
    },
    "eval_time": 0.0,
    "param": {
        "data": {
            "data_sign": "Indian",
            "data_file": "Indian_10",
            "patch_size": 13,
            "batch_size": 65,
            "num_classes": 16,
            "pca": 200,
            "dim_heads": 64,
            "spectral_size": 200
        },
        "net": {
            "trainer": "rwkvformer",
            "depth": 4,
            "dim": 64,
            "heads": 24,
            "kernal": 5,
            "padding": 2
        },
        "train": {
            "epochs": 10,
            "lr": 0.001,
            "weight_decay": 0
        },
        "uniq_name": "Indian_test"
    },
    "eval": {
        "classification": "                              precision    recall  f1-score   support\n\n                     Alfalfa     0.3366    0.9444    0.4964        36\n                 Corn-notill     0.7186    0.4647    0.5645      1418\n                Corn-mintill     0.5540    0.4256    0.4814       820\n                        Corn     0.3107    0.9471    0.4679       227\n               Grass-pasture     0.7267    0.9387    0.8192       473\n                 Grass-trees     0.8783    0.9625    0.9185       720\n         Grass-pasture-mowed     0.1875    1.0000    0.3158        18\n               Hay-windrowed     0.9784    0.8697    0.9208       468\n                        Oats     0.1724    1.0000    0.2941        10\n              Soybean-notill     0.5330    0.7796    0.6332       962\n             Soybean-mintill     0.7699    0.5035    0.6088      2445\n               Soybean-clean     0.4828    0.6981    0.5708       583\n                       Wheat     0.8705    1.0000    0.9308       195\n                       Woods     0.9637    0.8462    0.9011      1255\nBuildings-Grass-Trees-Drives     0.7051    0.8457    0.7690       376\n          Stone-Steel-Towers     0.5425    1.0000    0.7034        83\n\n                    accuracy                         0.6814     10089\n                   macro avg     0.6082    0.8266    0.6497     10089\n                weighted avg     0.7296    0.6814    0.6837     10089\n",
        "oa": 68.14352264842898,
        "confusion": "[[  34    0    0    0    0    0    0    1    0    1    0    0    0    0\n     0    0]\n [   0  659   70  204   28    5   12    6    3  208  162   23    0    6\n    10   22]\n [   0   32  349  123    7    2    0    0   11   43  108  127   15    1\n     2    0]\n [   0    3    3  215    0    0    0    0    3    0    0    2    0    0\n     1    0]\n [   0    3    4    7  444    2    2    0    6    1    0    1    0    0\n     3    0]\n [   0    1    1    4   10  693    0    0    5    2    0    0    1    2\n     1    0]\n [   0    0    0    0    0    0   18    0    0    0    0    0    0    0\n     0    0]\n [  49    0    0    2    0    0    8  407    0    0    0    0    0    0\n     2    0]\n [   0    0    0    0    0    0    0    0   10    0    0    0    0    0\n     0    0]\n [   0   27   18    2   18    9   23    0    3  750   90    7    3    6\n     4    2]\n [   4  156  146   75   53   57   22    0    8  391 1231  272    6    8\n    10    6]\n [   0   30   34   47   10    0    2    0    3    3    8  407    1    0\n     1   37]\n [   0    0    0    0    0    0    0    0    0    0    0    0  195    0\n     0    0]\n [  14    1    4    4   38    8    9    2    3    7    0    3    1 1062\n    99    0]\n [   0    5    1    9    3   13    0    0    3    1    0    1    2   17\n   318    3]\n [   0    0    0    0    0    0    0    0    0    0    0    0    0    0\n     0   83]]",
        "each_acc": "[ 94.44444444  46.47390691  42.56097561  94.71365639  93.86892178\n  96.25       100.          86.96581197 100.          77.96257796\n  50.34764826  69.81132075 100.          84.62151394  84.57446809\n 100.        ]",
        "aa": 82.66220288144386,
        "kappa": 64.5200891497967
    }
}