{
    "epoch_loss": {
        "type": "index_value",
        "index": [
            1,
            2,
            3,
            4,
            5,
            6,
            7,
            8,
            9,
            10,
            11,
            12,
            13,
            14,
            15,
            16,
            17,
            18,
            19,
            20
        ],
        "value": [
            2.744386002198974,
            2.0893259858017537,
            1.5251508968979566,
            1.1747718319964053,
            0.8999067647243614,
            0.7474982200273826,
            0.6533799380508821,
            0.5379474974835097,
            0.4478992250428271,
            0.3704438316288279,
            0.31256937246714067,
            0.3025643064904569,
            0.29245050807497397,
            0.24232604187815937,
            0.22547867160234877,
            0.2124448580973184,
            0.19639665144148158,
            0.16434476302186055,
            0.21014897903399682,
            0.14344156400036456
        ]
    },
    "eval_time": 0.0,
    "param": {
        "data": {
            "data_sign": "Indian",
            "data_file": "Indian_10",
            "patch_size": 13,
            "batch_size": 65,
            "num_classes": 16,
            "pca": 200,
            "dim_heads": 64,
            "spectral_size": 200
        },
        "net": {
            "trainer": "rwkvformer",
            "depth": 4,
            "dim": 64,
            "mlp_dim": 8,
            "heads": 24,
            "kernal": 6,
            "padding": 2,
            "n_head": 1,
            "ctx_len": 169,
            "n_attn": 512,
            "head_size": 12,
            "n_embd": 128,
            "n_embd1": 512,
            "n_ffn": 64,
            "rwkv_tiny_attn": 64,
            "rwkv_tiny_head": 4
        },
        "train": {
            "epochs": 20,
            "lr": 0.001,
            "weight_decay": 0
        },
        "uniq_name": "Indian_test"
    },
    "eval": {
        "classification": "                              precision    recall  f1-score   support\n\n                     Alfalfa     0.8462    1.0000    0.9167        11\n                 Corn-notill     1.0000    0.7500    0.8571       268\n                Corn-mintill     0.9146    0.8571    0.8850       175\n                        Corn     0.9737    0.9737    0.9737        38\n               Grass-pasture     0.6383    0.9278    0.7563        97\n                 Grass-trees     0.8994    0.9346    0.9167       153\n         Grass-pasture-mowed     0.4444    1.0000    0.6154         4\n               Hay-windrowed     1.0000    1.0000    1.0000       104\n                        Oats     0.0769    1.0000    0.1429         1\n              Soybean-notill     0.7220    0.7854    0.7523       205\n             Soybean-mintill     0.9301    0.7687    0.8417       467\n               Soybean-clean     0.6154    0.8739    0.7222       119\n                       Wheat     0.8049    1.0000    0.8919        33\n                       Woods     0.9707    0.9789    0.9748       237\nBuildings-Grass-Trees-Drives     0.9375    0.9375    0.9375        96\n          Stone-Steel-Towers     0.5714    1.0000    0.7273        16\n\n                    accuracy                         0.8577      2024\n                   macro avg     0.7716    0.9242    0.8070      2024\n                weighted avg     0.8849    0.8577    0.8633      2024\n",
        "oa": 85.7707509881423,
        "confusion": "[[ 11   0   0   0   0   0   0   0   0   0   0   0   0   0   0   0]\n [  0 201   9   0   6   3   0   0   1  37  10   0   0   0   1   0]\n [  0   0 150   1  12   0   0   0   2   0   0   2   8   0   0   0]\n [  0   0   0  37   0   0   0   0   0   0   0   1   0   0   0   0]\n [  0   0   4   0  90   0   3   0   0   0   0   0   0   0   0   0]\n [  0   0   0   0   1 143   0   0   9   0   0   0   0   0   0   0]\n [  0   0   0   0   0   0   4   0   0   0   0   0   0   0   0   0]\n [  0   0   0   0   0   0   0 104   0   0   0   0   0   0   0   0]\n [  0   0   0   0   0   0   0   0   1   0   0   0   0   0   0   0]\n [  2   0   0   0  18   0   0   0   0 161  17   5   0   2   0   0]\n [  0   0   0   0  11  13   2   0   0  24 359  50   0   5   3   0]\n [  0   0   1   0   1   0   0   0   0   1   0 104   0   0   0  12]\n [  0   0   0   0   0   0   0   0   0   0   0   0  33   0   0   0]\n [  0   0   0   0   0   0   0   0   0   0   0   3   0 232   2   0]\n [  0   0   0   0   2   0   0   0   0   0   0   4   0   0  90   0]\n [  0   0   0   0   0   0   0   0   0   0   0   0   0   0   0  16]]",
        "each_acc": "[100.          75.          85.71428571  97.36842105  92.78350515\n  93.46405229 100.         100.         100.          78.53658537\n  76.87366167  87.39495798 100.          97.89029536  93.75\n 100.        ]",
        "aa": 92.42348528669191,
        "kappa": 84.02895059570322
    }
}