{
    "epoch_loss": {
        "type": "index_value",
        "index": [
            1,
            2,
            3,
            4,
            5,
            6,
            7,
            8,
            9,
            10,
            11,
            12,
            13,
            14,
            15,
            16,
            17,
            18,
            19,
            20
        ],
        "value": [
            2.572372406721115,
            1.7880653403699398,
            1.3672859780490398,
            0.9991987273097038,
            0.8204260300844908,
            0.6431904751807451,
            0.5001840526238084,
            0.3916890639811754,
            0.30883223563432693,
            0.2706671981140971,
            0.19389600632712245,
            0.16581923374906182,
            0.13918593199923635,
            0.10925043979659677,
            0.09170919610187411,
            0.09056641347706318,
            0.08883802685886621,
            0.06223715271335095,
            0.060330224921926856,
            0.050347124808467925
        ]
    },
    "eval_time": 0.0,
    "param": {
        "data": {
            "data_sign": "Indian",
            "data_file": "Indian_10",
            "patch_size": 13,
            "batch_size": 65,
            "num_classes": 16,
            "pca": 200,
            "dim_heads": 64,
            "spectral_size": 200
        },
        "net": {
            "trainer": "rwkvformer",
            "depth": 4,
            "dim": 64,
            "heads": 24,
            "kernal": 6,
            "padding": 2,
            "n_head": 1,
            "ctx_len": 169,
            "n_attn": 512,
            "head_size": 12,
            "n_embd": 128,
            "n_embd1": 512,
            "n_ffn": 64,
            "rwkv_tiny_attn": 64,
            "rwkv_tiny_head": 4
        },
        "train": {
            "epochs": 20,
            "lr": 0.001,
            "weight_decay": 0
        },
        "uniq_name": "Indian_test"
    },
    "eval": {
        "classification": "                              precision    recall  f1-score   support\n\n                     Alfalfa     0.8780    1.0000    0.9351        36\n                 Corn-notill     0.8710    0.8047    0.8365      1418\n                Corn-mintill     0.7940    0.8037    0.7988       820\n                        Corn     0.8661    0.9692    0.9148       227\n               Grass-pasture     0.8399    0.9429    0.8884       473\n                 Grass-trees     0.8079    0.9347    0.8667       720\n         Grass-pasture-mowed     0.5294    1.0000    0.6923        18\n               Hay-windrowed     0.9770    1.0000    0.9884       468\n                        Oats     0.1818    1.0000    0.3077        10\n              Soybean-notill     0.8487    0.8919    0.8697       962\n             Soybean-mintill     0.9634    0.6998    0.8107      2445\n               Soybean-clean     0.6728    0.8714    0.7593       583\n                       Wheat     0.8017    0.9744    0.8796       195\n                       Woods     0.9556    0.9944    0.9746      1255\nBuildings-Grass-Trees-Drives     0.7191    0.9734    0.8271       376\n          Stone-Steel-Towers     0.6484    1.0000    0.7867        83\n\n                    accuracy                         0.8559     10089\n                   macro avg     0.7722    0.9288    0.8210     10089\n                weighted avg     0.8728    0.8559    0.8561     10089\n",
        "oa": 85.58826444642679,
        "confusion": "[[  36    0    0    0    0    0    0    0    0    0    0    0    0    0\n     0    0]\n [   0 1141   86    0    0   32    0    0    0   67   52    0    0   10\n    30    0]\n [   0    1  659   21   12    0    0    0   13    5    0   62   47    0\n     0    0]\n [   0    0    2  220    0    0    0    0    0    0    0    5    0    0\n     0    0]\n [   0    0    6    0  446    0   16    0    1    0    0    4    0    0\n     0    0]\n [   0    4    1    0    2  673    0    0   31    0    0    9    0    0\n     0    0]\n [   0    0    0    0    0    0   18    0    0    0    0    0    0    0\n     0    0]\n [   0    0    0    0    0    0    0  468    0    0    0    0    0    0\n     0    0]\n [   0    0    0    0    0    0    0    0   10    0    0    0    0    0\n     0    0]\n [   5   57    4    0    9    0    0    0    0  858    8   13    0    8\n     0    0]\n [   0  107   72    0   57  128    0   10    0   65 1711  153    0   40\n   102    0]\n [   0    0    0   13    0    0    0    0    0   12    0  508    0    0\n     5   45]\n [   0    0    0    0    0    0    0    0    0    0    5    0  190    0\n     0    0]\n [   0    0    0    0    0    0    0    1    0    0    0    0    0 1248\n     6    0]\n [   0    0    0    0    5    0    0    0    0    4    0    1    0    0\n   366    0]\n [   0    0    0    0    0    0    0    0    0    0    0    0    0    0\n     0   83]]",
        "each_acc": "[100.          80.46544429  80.36585366  96.91629956  94.29175476\n  93.47222222 100.         100.         100.          89.18918919\n  69.9795501   87.135506    97.43589744  99.44223108  97.34042553\n 100.        ]",
        "aa": 92.87714836395057,
        "kappa": 83.78570039823357
    }
}