{
    "epoch_loss": {
        "type": "index_value",
        "index": [
            1,
            2,
            3,
            4,
            5,
            6,
            7,
            8,
            9,
            10,
            11,
            12,
            13,
            14,
            15,
            16,
            17,
            18,
            19,
            20,
            21,
            22,
            23,
            24,
            25,
            26,
            27,
            28,
            29,
            30,
            31,
            32,
            33,
            34,
            35,
            36,
            37,
            38,
            39,
            40,
            41,
            42,
            43,
            44,
            45,
            46,
            47,
            48,
            49,
            50
        ],
        "value": [
            2.766949102282524,
            2.3932027518749237,
            1.8226187229156494,
            1.4095258079469204,
            1.1700255274772644,
            0.93092817440629,
            0.7730286847800016,
            0.6192884910851717,
            0.521927154622972,
            0.41147328168153763,
            0.3685942254960537,
            0.28291957452893257,
            0.24476845934987068,
            0.19332544831559062,
            0.17790704499930143,
            0.14656776608899236,
            0.1226525972597301,
            0.10738989477977157,
            0.09775711176916957,
            0.09778459277004004,
            0.08818406681530178,
            0.07263000425882638,
            0.07344012497924268,
            0.06256675021722913,
            0.05473501642700285,
            0.05077381362207234,
            0.050582183874212205,
            0.04395019670482725,
            0.03877275111153722,
            0.03988047130405903,
            0.03589028771966696,
            0.033889854326844215,
            0.031624600756913424,
            0.0319530768902041,
            0.029246829100884497,
            0.030376543349120766,
            0.02562173653859645,
            0.029985408938955516,
            0.025492369779385626,
            0.02546551509294659,
            0.022227450856007636,
            0.019829291326459497,
            0.021453973895404488,
            0.020265373692382127,
            0.02079218957806006,
            0.020454656390938908,
            0.018097602936904877,
            0.0191124698612839,
            0.01625149926985614,
            0.018363083654548973
        ]
    },
    "train_oa": {
        "type": "index_value",
        "index": [
            10,
            20,
            30,
            40,
            50
        ],
        "value": [
            86.88670829616414,
            86.66864902368917,
            86.78759044503916,
            87.38229755178908,
            87.2237089899891
        ]
    },
    "train_aa": {
        "type": "index_value",
        "index": [
            10,
            20,
            30,
            40,
            50
        ],
        "value": [
            93.37067932862134,
            93.6344685984649,
            93.66432964237413,
            94.04502669216168,
            93.87367992770935
        ]
    },
    "train_kappa": {
        "type": "index_value",
        "index": [
            10,
            20,
            30,
            40,
            50
        ],
        "value": [
            85.16372920980632,
            84.94746495600482,
            85.07779412532103,
            85.7381925392095,
            85.56143250982326
        ]
    },
    "eval_time": 0.0,
    "param": {
        "data": {
            "data_sign": "Indian",
            "data_file": "Indian_10",
            "patch_size": 13,
            "batch_size": 65,
            "num_classes": 16,
            "pca": 200,
            "dim_heads": 64,
            "spectral_size": 200
        },
        "net": {
            "trainer": "sqsformer",
            "mlp_head_dim": 64,
            "depth": 3,
            "dim": 64,
            "heads": 20,
            "kernal": 5,
            "padding": 2
        },
        "train": {
            "epochs": 50,
            "lr": 0.001,
            "weight_decay": 0
        },
        "uniq_name": "Indian_test"
    },
    "eval": {
        "classification": "                              precision    recall  f1-score   support\n\n                     Alfalfa     1.0000    1.0000    1.0000        36\n                 Corn-notill     0.8604    0.7821    0.8194      1418\n                Corn-mintill     0.8302    0.8171    0.8236       820\n                        Corn     0.8346    1.0000    0.9098       227\n               Grass-pasture     0.7940    0.9450    0.8629       473\n                 Grass-trees     0.8654    0.9736    0.9163       720\n         Grass-pasture-mowed     0.7200    1.0000    0.8372        18\n               Hay-windrowed     0.9832    1.0000    0.9915       468\n                        Oats     0.2500    1.0000    0.4000        10\n              Soybean-notill     0.9015    0.8472    0.8735       962\n             Soybean-mintill     0.9296    0.7726    0.8439      2445\n               Soybean-clean     0.7392    0.9091    0.8154       583\n                       Wheat     0.8369    1.0000    0.9112       195\n                       Woods     0.9664    0.9857    0.9759      1255\nBuildings-Grass-Trees-Drives     0.7602    0.9947    0.8618       376\n\n                   micro avg     0.8747    0.8721    0.8734     10006\n                   macro avg     0.8181    0.9351    0.8562     10006\n                weighted avg     0.8828    0.8721    0.8731     10006\n",
        "oa": 87.31291505600159,
        "confusion": "[[  36    0    0    0    0    0    0    0    0    0    0    0    0    0\n     0    0]\n [   0 1109   61    0    8   25    0    0    0   36  135    0    0    6\n    38    0]\n [   0    0  670   34   23    1    0    0   10   11    0   30   38    0\n     3    0]\n [   0    0    0  227    0    0    0    0    0    0    0    0    0    0\n     0    0]\n [   0    0   14    0  447    0    7    0    3    0    0    0    0    2\n     0    0]\n [   0    0    0    0    2  701    0    0   17    0    0    0    0    0\n     0    0]\n [   0    0    0    0    0    0   18    0    0    0    0    0    0    0\n     0    0]\n [   0    0    0    0    0    0    0  468    0    0    0    0    0    0\n     0    0]\n [   0    0    0    0    0    0    0    0   10    0    0    0    0    0\n     0    0]\n [   0   57   46    0   12    0    0    0    0  815    8   15    0    9\n     0    0]\n [   0  123   16    0   69   83    0    6    0   36 1889  142    0   26\n    55    0]\n [   0    0    0   11    0    0    0    0    0    3    0  530    0    0\n     9   30]\n [   0    0    0    0    0    0    0    0    0    0    0    0  195    0\n     0    0]\n [   0    0    0    0    0    0    0    2    0    3    0    0    0 1237\n    13    0]\n [   0    0    0    0    2    0    0    0    0    0    0    0    0    0\n   374    0]\n [   0    0    0    0    0    0    0    0    0    0    0    0    0    0\n     0   83]]",
        "each_acc": "[100.          78.20874471  81.70731707 100.          94.50317125\n  97.36111111 100.         100.         100.          84.71933472\n  77.2597137   90.90909091 100.          98.56573705  99.46808511\n 100.        ]",
        "aa": 93.91889410190828,
        "kappa": 85.66077812224027
    }
}