{
    "epoch_loss": {
        "type": "index_value",
        "index": [
            1,
            2,
            3,
            4,
            5,
            6,
            7,
            8,
            9,
            10,
            11,
            12,
            13,
            14,
            15,
            16,
            17,
            18,
            19,
            20
        ],
        "value": [
            2.637027142652825,
            1.8572700806518099,
            1.3417901370062757,
            1.0426582943147689,
            0.80301360986126,
            0.6729772842642087,
            0.5981309311603432,
            0.5107173715064774,
            0.4451080838690943,
            0.39648991800955874,
            0.34934017796124983,
            0.3458555852299306,
            0.3222212348856143,
            0.24623360829566843,
            0.2533038787877382,
            0.23690008049580588,
            0.1762292317267674,
            0.1664363905342657,
            0.1450882241574686,
            0.1520334092983559
        ]
    },
    "eval_time": 0.0,
    "param": {
        "data": {
            "data_sign": "Indian",
            "data_file": "Indian_10",
            "patch_size": 13,
            "batch_size": 65,
            "num_classes": 16,
            "pca": 200,
            "dim_heads": 64,
            "spectral_size": 200
        },
        "net": {
            "trainer": "rwkvformer",
            "depth": 4,
            "dim": 64,
            "heads": 24,
            "kernal": 6,
            "padding": 2,
            "n_head": 1,
            "ctx_len": 169,
            "n_attn": 512,
            "head_size": 12,
            "n_embd": 128,
            "n_embd1": 512,
            "n_ffn": 64,
            "rwkv_tiny_attn": 64,
            "rwkv_tiny_head": 4
        },
        "train": {
            "epochs": 20,
            "lr": 0.001,
            "weight_decay": 0
        },
        "uniq_name": "Indian_test"
    },
    "eval": {
        "classification": "                              precision    recall  f1-score   support\n\n                     Alfalfa     1.0000    1.0000    1.0000        11\n                 Corn-notill     0.8919    0.7388    0.8082       268\n                Corn-mintill     0.8251    0.8629    0.8436       175\n                        Corn     0.8684    0.8684    0.8684        38\n               Grass-pasture     0.3443    0.8660    0.4927        97\n                 Grass-trees     0.9267    0.9085    0.9175       153\n         Grass-pasture-mowed     0.2857    1.0000    0.4444         4\n               Hay-windrowed     1.0000    1.0000    1.0000       104\n                        Oats     0.0714    1.0000    0.1333         1\n              Soybean-notill     0.7604    0.8049    0.7820       205\n             Soybean-mintill     0.9891    0.5803    0.7314       467\n               Soybean-clean     0.7460    0.7899    0.7673       119\n                       Wheat     0.7333    1.0000    0.8462        33\n                       Woods     0.9707    0.9789    0.9748       237\nBuildings-Grass-Trees-Drives     0.8879    0.9896    0.9360        96\n          Stone-Steel-Towers     0.4444    1.0000    0.6154        16\n\n                    accuracy                         0.8058      2024\n                   macro avg     0.7341    0.8993    0.7601      2024\n                weighted avg     0.8700    0.8058    0.8173      2024\n",
        "oa": 80.58300395256917,
        "confusion": "[[ 11   0   0   0   0   0   0   0   0   0   0   0   0   0   0   0]\n [  0 198   9   0  23   3   1   0   0  27   3   0   0   2   2   0]\n [  0   0 151   2  12   0   0   0   2   0   0   1   7   0   0   0]\n [  0   0   2  33   0   0   0   0   0   0   0   3   0   0   0   0]\n [  0   0   7   0  84   0   4   0   0   0   0   0   2   0   0   0]\n [  0   0   0   0   2 139   0   0  11   0   0   1   0   0   0   0]\n [  0   0   0   0   0   0   4   0   0   0   0   0   0   0   0   0]\n [  0   0   0   0   0   0   0 104   0   0   0   0   0   0   0   0]\n [  0   0   0   0   0   0   0   0   1   0   0   0   0   0   0   0]\n [  0   0   0   0  36   0   1   0   0 165   0   2   0   1   0   0]\n [  0  24  13   3  87   8   4   0   0  20 271  25   3   4   5   0]\n [  0   0   1   0   0   0   0   0   0   4   0  94   0   0   0  20]\n [  0   0   0   0   0   0   0   0   0   0   0   0  33   0   0   0]\n [  0   0   0   0   0   0   0   0   0   0   0   0   0 232   5   0]\n [  0   0   0   0   0   0   0   0   0   1   0   0   0   0  95   0]\n [  0   0   0   0   0   0   0   0   0   0   0   0   0   0   0  16]]",
        "each_acc": "[100.          73.88059701  86.28571429  86.84210526  86.59793814\n  90.8496732  100.         100.         100.          80.48780488\n  58.02997859  78.99159664 100.          97.89029536  98.95833333\n 100.        ]",
        "aa": 89.92587729413457,
        "kappa": 78.44108247756583
    }
}