{
    "epoch_loss": {
        "type": "index_value",
        "index": [
            1,
            2,
            3,
            4,
            5,
            6,
            7,
            8,
            9,
            10,
            11,
            12,
            13,
            14,
            15,
            16,
            17,
            18,
            19,
            20
        ],
        "value": [
            2.66021477642344,
            1.858547151978336,
            1.3604622990337771,
            1.1370270047614823,
            1.0211566041654616,
            0.9251233926459924,
            0.7955027009124187,
            0.705620980084832,
            0.6071346927044997,
            0.536104258094261,
            0.4729678661965612,
            0.4070800838630591,
            0.3793010126743744,
            0.3562145226482135,
            0.3214519998030876,
            0.2645661993258035,
            0.2694669799573386,
            0.27069657885316595,
            0.24315501482629065,
            0.2009292516245771
        ]
    },
    "eval_time": 0.0,
    "param": {
        "data": {
            "data_sign": "Indian",
            "data_file": "Indian_10",
            "patch_size": 13,
            "batch_size": 65,
            "num_classes": 16,
            "pca": 200,
            "dim_heads": 64,
            "spectral_size": 200
        },
        "net": {
            "trainer": "rwkvformer",
            "depth": 4,
            "dim": 64,
            "heads": 24,
            "kernal": 6,
            "padding": 2,
            "n_head": 1,
            "ctx_len": 169,
            "n_attn": 512,
            "head_size": 12,
            "n_embd": 128,
            "n_embd1": 512,
            "n_ffn": 64,
            "rwkv_tiny_attn": 64,
            "rwkv_tiny_head": 4
        },
        "train": {
            "epochs": 20,
            "lr": 0.001,
            "weight_decay": 0
        },
        "uniq_name": "Indian_test"
    },
    "eval": {
        "classification": "                              precision    recall  f1-score   support\n\n                     Alfalfa     0.4231    1.0000    0.5946        11\n                 Corn-notill     0.9231    0.7612    0.8344       268\n                Corn-mintill     0.9773    0.7371    0.8404       175\n                        Corn     0.8571    0.9474    0.9000        38\n               Grass-pasture     0.8000    0.8660    0.8317        97\n                 Grass-trees     0.8466    0.9739    0.9058       153\n         Grass-pasture-mowed     0.1739    1.0000    0.2963         4\n               Hay-windrowed     0.9541    1.0000    0.9765       104\n                        Oats     0.1000    1.0000    0.1818         1\n              Soybean-notill     0.7783    0.8049    0.7914       205\n             Soybean-mintill     0.9021    0.7302    0.8071       467\n               Soybean-clean     0.6755    0.8571    0.7556       119\n                       Wheat     0.8684    1.0000    0.9296        33\n                       Woods     0.9590    0.9873    0.9730       237\nBuildings-Grass-Trees-Drives     0.7540    0.9896    0.8559        96\n          Stone-Steel-Towers     0.5161    1.0000    0.6809        16\n\n                    accuracy                         0.8439      2024\n                   macro avg     0.7193    0.9159    0.7597      2024\n                weighted avg     0.8699    0.8439    0.8483      2024\n",
        "oa": 84.38735177865613,
        "confusion": "[[ 11   0   0   0   0   0   0   0   0   0   0   0   0   0   0   0]\n [  1 204   1   0   0   6   0   0   0  37   8   2   0   2   7   0]\n [  0   0 129   6  10   1   0   0   6   0   7  13   3   0   0   0]\n [  0   0   0  36   0   0   0   0   0   0   0   2   0   0   0   0]\n [  0   0   1   0  84   0  11   0   0   0   0   0   0   1   0   0]\n [  0   0   0   0   0 149   0   0   3   0   0   1   0   0   0   0]\n [  0   0   0   0   0   0   4   0   0   0   0   0   0   0   0   0]\n [  0   0   0   0   0   0   0 104   0   0   0   0   0   0   0   0]\n [  0   0   0   0   0   0   0   0   1   0   0   0   0   0   0   0]\n [  3   0   0   0   4   1   1   5   0 165  22   3   0   1   0   0]\n [ 11  17   1   0   7  18   7   0   0   9 341  28   2   6  20   0]\n [  0   0   0   0   0   0   0   0   0   1   0 102   0   0   1  15]\n [  0   0   0   0   0   0   0   0   0   0   0   0  33   0   0   0]\n [  0   0   0   0   0   0   0   0   0   0   0   0   0 234   3   0]\n [  0   0   0   0   0   1   0   0   0   0   0   0   0   0  95   0]\n [  0   0   0   0   0   0   0   0   0   0   0   0   0   0   0  16]]",
        "each_acc": "[100.          76.11940299  73.71428571  94.73684211  86.59793814\n  97.38562092 100.         100.         100.          80.48780488\n  73.01927195  85.71428571 100.          98.73417722  98.95833333\n 100.        ]",
        "aa": 91.59174768459076,
        "kappa": 82.49722373190636
    }
}