{
    "epoch_loss": {
        "type": "index_value",
        "index": [
            1,
            2,
            3,
            4,
            5,
            6,
            7,
            8,
            9,
            10,
            11,
            12,
            13,
            14,
            15,
            16,
            17,
            18,
            19,
            20
        ],
        "value": [
            2.6112620010972023,
            1.8468437492847443,
            1.2919473722577095,
            0.9332051742821932,
            0.6257639303803444,
            0.4958231970667839,
            0.358829190954566,
            0.2927902969531715,
            0.21086319675669074,
            0.18396666646003723,
            0.13444951502606273,
            0.11233407398685813,
            0.09991900017485023,
            0.0794253593776375,
            0.0759905781596899,
            0.06916881690267473,
            0.056925359764136374,
            0.05961284146178514,
            0.04948837193660438,
            0.039531870861537755
        ]
    },
    "eval_time": 0.0,
    "param": {
        "data": {
            "data_sign": "Indian",
            "data_file": "Indian_10",
            "patch_size": 13,
            "batch_size": 65,
            "num_classes": 16,
            "pca": 200,
            "dim_heads": 64,
            "spectral_size": 200
        },
        "net": {
            "trainer": "rwkvformer",
            "depth": 4,
            "dim": 64,
            "heads": 24,
            "kernal": 6,
            "padding": 2,
            "n_head": 1,
            "ctx_len": 169,
            "n_attn": 512,
            "head_size": 12,
            "n_embd": 128,
            "n_embd1": 512,
            "n_ffn": 256,
            "rwkv_tiny_attn": 64,
            "rwkv_tiny_head": 4
        },
        "train": {
            "epochs": 20,
            "lr": 0.001,
            "weight_decay": 0
        },
        "uniq_name": "Indian_test"
    },
    "eval": {
        "classification": "                              precision    recall  f1-score   support\n\n                     Alfalfa     1.0000    1.0000    1.0000        36\n                 Corn-notill     0.8539    0.7419    0.7940      1418\n                Corn-mintill     0.6730    0.7829    0.7238       820\n                        Corn     0.8527    0.9692    0.9072       227\n               Grass-pasture     0.8627    0.9302    0.8952       473\n                 Grass-trees     0.8632    0.9375    0.8988       720\n         Grass-pasture-mowed     0.8182    1.0000    0.9000        18\n               Hay-windrowed     0.9590    1.0000    0.9791       468\n                        Oats     0.1471    1.0000    0.2564        10\n              Soybean-notill     0.7642    0.8389    0.7998       962\n             Soybean-mintill     0.9290    0.6585    0.7707      2445\n               Soybean-clean     0.6129    0.8799    0.7225       583\n                       Wheat     0.8050    0.9949    0.8899       195\n                       Woods     0.9725    0.9849    0.9786      1255\nBuildings-Grass-Trees-Drives     0.7526    0.9707    0.8479       376\n          Stone-Steel-Towers     0.7155    1.0000    0.8342        83\n\n                    accuracy                         0.8295     10089\n                   macro avg     0.7863    0.9181    0.8249     10089\n                weighted avg     0.8495    0.8295    0.8300     10089\n",
        "oa": 82.95172960650213,
        "confusion": "[[  36    0    0    0    0    0    0    0    0    0    0    0    0    0\n     0    0]\n [   0 1052   76    0    0   32    0    0    0   98  122    1    0    7\n    30    0]\n [   0    0  642   22   15    0    0    0    9   30    0   57   45    0\n     0    0]\n [   0    0    3  220    0    0    0    0    0    0    0    4    0    0\n     0    0]\n [   0    0   20    0  440    0    4    0    5    0    0    3    1    0\n     0    0]\n [   0    0    0    0    0  675    0    0   41    0    0    4    0    0\n     0    0]\n [   0    0    0    0    0    0   18    0    0    0    0    0    0    0\n     0    0]\n [   0    0    0    0    0    0    0  468    0    0    0    0    0    0\n     0    0]\n [   0    0    0    0    0    0    0    0   10    0    0    0    0    0\n     0    0]\n [   0   58   52    0   29    0    0    0    0  807    1    7    0    8\n     0    0]\n [   0  122  159    0   21   75    0   20    3  100 1610  248    1   20\n    66    0]\n [   0    0    0   16    1    0    0    0    0   11    0  513    0    0\n     9   33]\n [   0    0    0    0    1    0    0    0    0    0    0    0  194    0\n     0    0]\n [   0    0    2    0    0    0    0    0    0    2    0    0    0 1236\n    15    0]\n [   0    0    0    0    3    0    0    0    0    8    0    0    0    0\n   365    0]\n [   0    0    0    0    0    0    0    0    0    0    0    0    0    0\n     0   83]]",
        "each_acc": "[100.          74.18899859  78.29268293  96.91629956  93.02325581\n  93.75       100.         100.         100.          83.88773389\n  65.84867076  87.99313894  99.48717949  98.48605578  97.07446809\n 100.        ]",
        "aa": 91.80928023874439,
        "kappa": 80.84436666638443
    }
}