{
    "epoch_loss": {
        "type": "index_value",
        "index": [
            1,
            2,
            3,
            4,
            5,
            6,
            7,
            8,
            9,
            10,
            11,
            12,
            13,
            14,
            15,
            16,
            17,
            18,
            19,
            20,
            21,
            22,
            23,
            24,
            25,
            26,
            27,
            28,
            29,
            30,
            31,
            32,
            33,
            34,
            35,
            36,
            37,
            38,
            39,
            40,
            41,
            42,
            43,
            44,
            45,
            46,
            47,
            48,
            49,
            50
        ],
        "value": [
            2.7931743189692497,
            2.3880267813801765,
            1.8989394046366215,
            1.553387112915516,
            1.2543985061347485,
            1.1337984092533588,
            0.9528588876128197,
            0.8890793770551682,
            0.747841440141201,
            0.6761055774986744,
            0.5314631275832653,
            0.4989442015066743,
            0.43815496005117893,
            0.37549825571477413,
            0.3069781754165888,
            0.2514028986915946,
            0.24520850740373135,
            0.19415797293186188,
            0.1859045666642487,
            0.15113446954637766,
            0.14131907559931278,
            0.12741072848439217,
            0.12404877180233598,
            0.09684486663900316,
            0.08414821745827794,
            0.10499068861827254,
            0.0814772229641676,
            0.08541338541544974,
            0.056140057975426316,
            0.05751982447691262,
            0.05448109295684844,
            0.055810482357628644,
            0.047741455608047545,
            0.05419809021987021,
            0.049435222521424294,
            0.045993632171303034,
            0.05098746402654797,
            0.053513578488491476,
            0.036755615670699626,
            0.033741272578481585,
            0.034631174174137414,
            0.04295113414991647,
            0.025390603754203767,
            0.02991399943130091,
            0.024643619661219418,
            0.03663486230652779,
            0.03383358975406736,
            0.025659677863586694,
            0.02857364300871268,
            0.027725493884645402
        ]
    },
    "train_oa": {
        "type": "index_value",
        "index": [
            26
        ],
        "value": [
            77.01457032411537
        ]
    },
    "train_aa": {
        "type": "index_value",
        "index": [
            26
        ],
        "value": [
            86.74170496041498
        ]
    },
    "train_kappa": {
        "type": "index_value",
        "index": [
            26
        ],
        "value": [
            74.06204415879812
        ]
    },
    "eval_time": 0.0,
    "param": {
        "data": {
            "data_sign": "Indian",
            "data_file": "Indian_10",
            "patch_size": 13,
            "batch_size": 65,
            "num_classes": 16,
            "pca": 200,
            "dim_heads": 64,
            "spectral_size": 200
        },
        "net": {
            "trainer": "rwkvformer",
            "depth": 4,
            "dim": 64,
            "heads": 24,
            "kernal": 5,
            "padding": 2
        },
        "train": {
            "epochs": 50,
            "lr": 0.001,
            "weight_decay": 0
        },
        "uniq_name": "Indian_test"
    },
    "eval": {
        "classification": "                              precision    recall  f1-score   support\n\n                     Alfalfa     0.4375    0.9722    0.6034        36\n                 Corn-notill     0.7935    0.6072    0.6880      1418\n                Corn-mintill     0.6325    0.5793    0.6047       820\n                        Corn     0.6436    0.8590    0.7358       227\n               Grass-pasture     0.9527    0.9366    0.9446       473\n                 Grass-trees     0.9250    0.9764    0.9500       720\n         Grass-pasture-mowed     0.7200    1.0000    0.8372        18\n               Hay-windrowed     1.0000    0.8846    0.9388       468\n                        Oats     0.2174    1.0000    0.3571        10\n              Soybean-notill     0.6056    0.8347    0.7019       962\n             Soybean-mintill     0.7995    0.6393    0.7105      2445\n               Soybean-clean     0.5419    0.9091    0.6791       583\n                       Wheat     0.9324    0.9897    0.9602       195\n                       Woods     0.9745    0.9426    0.9583      1255\nBuildings-Grass-Trees-Drives     0.8531    0.8803    0.8665       376\n          Stone-Steel-Towers     0.9022    1.0000    0.9486        83\n\n                    accuracy                         0.7771     10089\n                   macro avg     0.7457    0.8757    0.7803     10089\n                weighted avg     0.7988    0.7771    0.7782     10089\n",
        "oa": 77.70839528199028,
        "confusion": "[[  35    0    0    0    0    0    0    0    0    1    0    0    0    0\n     0    0]\n [   0  861   80   32    2    1    0    0    5  214  193   24    0    3\n     3    0]\n [   0   18  475   63    0    0    0    0   12   19   88  132   13    0\n     0    0]\n [   0   13   13  195    0    0    0    0    3    0    1    2    0    0\n     0    0]\n [   0   12    7    0  443    0    0    0    6    3    1    0    0    0\n     1    0]\n [   0    0    1    0    6  703    0    0    5    3    0    1    0    1\n     0    0]\n [   0    0    0    0    0    0   18    0    0    0    0    0    0    0\n     0    0]\n [  44    0    2    1    0    0    4  414    0    0    3    0    0    0\n     0    0]\n [   0    0    0    0    0    0    0    0   10    0    0    0    0    0\n     0    0]\n [   0   22   17    0    8    8    2    0    2  803   94    4    0    2\n     0    0]\n [   1  151  134    1    3   35    1    0    1  269 1563  281    0    1\n     4    0]\n [   0    8   13   11    2    0    0    0    0    4    5  530    0    0\n     1    9]\n [   0    0    1    0    0    0    0    0    1    0    0    0  193    0\n     0    0]\n [   0    0    8    0    0    4    0    0    0    4    7    1    0 1183\n    48    0]\n [   0    0    0    0    1    9    0    0    1    6    0    3    1   24\n   331    0]\n [   0    0    0    0    0    0    0    0    0    0    0    0    0    0\n     0   83]]",
        "each_acc": "[ 97.22222222  60.71932299  57.92682927  85.9030837   93.65750529\n  97.63888889 100.          88.46153846 100.          83.47193347\n  63.92638037  90.90909091  98.97435897  94.26294821  88.03191489\n 100.        ]",
        "aa": 87.56912610257449,
        "kappa": 74.86046465841282
    }
}