{
    "epoch_loss": {
        "type": "index_value",
        "index": [
            1,
            2,
            3,
            4,
            5,
            6,
            7,
            8,
            9,
            10,
            11,
            12,
            13,
            14,
            15,
            16,
            17,
            18,
            19,
            20,
            21,
            22,
            23,
            24,
            25,
            26,
            27,
            28,
            29,
            30,
            31,
            32,
            33,
            34,
            35,
            36,
            37,
            38,
            39,
            40
        ],
        "value": [
            2.7663000181539736,
            2.292864287077491,
            1.75271661334963,
            1.4059726631463463,
            1.1429397419317444,
            0.9229795465718454,
            0.7774307821223985,
            0.6670994482823273,
            0.6116541668550292,
            0.4966010389043324,
            0.5050768585347417,
            0.42027259562442554,
            0.365146008000445,
            0.32760838563762495,
            0.3363431892288265,
            0.2855581516650186,
            0.25976880517468526,
            0.2547927810184991,
            0.27553907448231285,
            0.23294517898292683,
            0.2194777015429824,
            0.1757948590970751,
            0.1826684999821791,
            0.17411017128780706,
            0.17259146406579373,
            0.16582188099177916,
            0.1625177266437616,
            0.15337333950533796,
            0.16688774059067912,
            0.16449694568986323,
            0.15423168792431033,
            0.12664908915758133,
            0.12003451218800758,
            0.1535716418232491,
            0.11399018169561428,
            0.12786438660835153,
            0.10588698361569376,
            0.12776838070643481,
            0.11562069972504431,
            0.11581625183349226
        ]
    },
    "train_oa": {
        "type": "index_value",
        "index": [
            26
        ],
        "value": [
            35.37549407114625
        ]
    },
    "train_aa": {
        "type": "index_value",
        "index": [
            26
        ],
        "value": [
            45.2977071680444
        ]
    },
    "train_kappa": {
        "type": "index_value",
        "index": [
            26
        ],
        "value": [
            32.56373464663865
        ]
    },
    "eval_time": 0.0,
    "param": {
        "data": {
            "data_sign": "Indian",
            "data_file": "Indian_10",
            "patch_size": 13,
            "batch_size": 65,
            "num_classes": 16,
            "pca": 200,
            "dim_heads": 64,
            "spectral_size": 200
        },
        "net": {
            "trainer": "rwkvformer",
            "depth": 4,
            "dim": 64,
            "mlp_dim": 8,
            "heads": 24,
            "kernal": 5,
            "padding": 2,
            "n_head": 4,
            "ctx_len": 169,
            "n_attn": 512,
            "head_size": 12,
            "n_embd": 128,
            "n_embd1": 512,
            "n_ffn": 64,
            "rwkv_tiny_attn": 64,
            "rwkv_tiny_head": 4
        },
        "train": {
            "epochs": 40,
            "lr": 0.001,
            "weight_decay": 0
        },
        "uniq_name": "Indian_test"
    },
    "eval": {
        "classification": "                              precision    recall  f1-score   support\n\n                     Alfalfa     0.8333    0.9091    0.8696        11\n                 Corn-notill     1.0000    0.4403    0.6114       268\n                Corn-mintill     0.6148    0.9486    0.7461       175\n                        Corn     0.9200    0.6053    0.7302        38\n               Grass-pasture     0.5476    0.9485    0.6943        97\n                 Grass-trees     1.0000    0.7320    0.8453       153\n         Grass-pasture-mowed     1.0000    0.0000    0.0000         4\n               Hay-windrowed     1.0000    0.9712    0.9854       104\n                        Oats     0.1111    1.0000    0.2000         1\n              Soybean-notill     0.4209    0.8829    0.5701       205\n             Soybean-mintill     0.6889    0.7966    0.7388       467\n               Soybean-clean     1.0000    0.3193    0.4841       119\n                       Wheat     1.0000    0.9394    0.9688        33\n                       Woods     1.0000    0.5527    0.7120       237\nBuildings-Grass-Trees-Drives     1.0000    0.1875    0.3158        96\n          Stone-Steel-Towers     0.6667    0.8750    0.7568        16\n\n                    accuracy                         0.6957      2024\n                   macro avg     0.8002    0.6943    0.6393      2024\n                weighted avg     0.8091    0.6957    0.6886      2024\n",
        "oa": 69.56521739130434,
        "confusion": "[[ 10   0   0   0   0   0   0   0   0   1   0   0   0   0   0   0]\n [  0 118  38   0   7   0   0   0   0  92  13   0   0   0   0   0]\n [  0   0 166   0   7   0   0   0   0   1   1   0   0   0   0   0]\n [  0   0  14  23   0   0   0   0   0   1   0   0   0   0   0   0]\n [  0   0   4   0  92   0   0   0   0   1   0   0   0   0   0   0]\n [  0   0   0   2   0 112   0   0   8   0  31   0   0   0   0   0]\n [  0   0   0   0   0   0   0   0   0   4   0   0   0   0   0   0]\n [  2   0   0   0   1   0   0 101   0   0   0   0   0   0   0   0]\n [  0   0   0   0   0   0   0   0   1   0   0   0   0   0   0   0]\n [  0   0   0   0   1   0   0   0   0 181  23   0   0   0   0   0]\n [  0   0  14   0   5   0   0   0   0  76 372   0   0   0   0   0]\n [  0   0  33   0  15   0   0   0   0  22   4  38   0   0   0   7]\n [  0   0   0   0   0   0   0   0   0   0   2   0  31   0   0   0]\n [  0   0   1   0   0   0   0   0   0  11  94   0   0 131   0   0]\n [  0   0   0   0  40   0   0   0   0  38   0   0   0   0  18   0]\n [  0   0   0   0   0   0   0   0   0   2   0   0   0   0   0  14]]",
        "each_acc": "[ 90.90909091  44.02985075  94.85714286  60.52631579  94.84536082\n  73.20261438   0.          97.11538462 100.          88.29268293\n  79.65738758  31.93277311  93.93939394  55.2742616   18.75\n  87.5       ]",
        "aa": 69.42701620502064,
        "kappa": 65.30629111200217
    }
}