{
    "epoch_loss": {
        "type": "index_value",
        "index": [
            1
        ],
        "value": [
            2.82696570456028
        ]
    },
    "eval_time": 0.0,
    "param": {
        "data": {
            "data_sign": "Indian",
            "data_file": "Indian_10",
            "patch_size": 13,
            "batch_size": 65,
            "num_classes": 16,
            "pca": 200,
            "dim_heads": 64,
            "spectral_size": 200
        },
        "net": {
            "trainer": "rwkvformer",
            "depth": 4,
            "dim": 64,
            "heads": 24,
            "kernal": 5,
            "padding": 2
        },
        "train": {
            "epochs": 1,
            "lr": 0.001,
            "weight_decay": 0
        },
        "uniq_name": "Indian_test"
    },
    "eval": {
        "classification": "                              precision    recall  f1-score   support\n\n                     Alfalfa     1.0000    0.0000    0.0000        36\n                 Corn-notill     0.2442    0.0148    0.0279      1418\n                Corn-mintill     1.0000    0.0000    0.0000       820\n                        Corn     1.0000    0.0000    0.0000       227\n               Grass-pasture     1.0000    0.0000    0.0000       473\n                 Grass-trees     1.0000    0.0000    0.0000       720\n         Grass-pasture-mowed     1.0000    0.0000    0.0000        18\n               Hay-windrowed     0.1094    0.3910    0.1710       468\n                        Oats     0.0000    0.0000    0.0000        10\n              Soybean-notill     1.0000    0.0000    0.0000       962\n             Soybean-mintill     0.3071    0.1816    0.2282      2445\n               Soybean-clean     0.0721    0.8508    0.1329       583\n                       Wheat     1.0000    0.0000    0.0000       195\n                       Woods     1.0000    0.0000    0.0000      1255\nBuildings-Grass-Trees-Drives     1.0000    0.0000    0.0000       376\n          Stone-Steel-Towers     1.0000    0.0000    0.0000        83\n\n                    accuracy                         0.1134     10089\n                   macro avg     0.7333    0.0899    0.0350     10089\n                weighted avg     0.6299    0.1134    0.0748     10089\n",
        "oa": 11.339082168698583,
        "confusion": "[[   0    0    0    0    0    0    0   14    0    0    4   18    0    0\n     0    0]\n [   0   21    0    0    0    0    0  251    0    0  177  969    0    0\n     0    0]\n [   0    7    0    0    0    0    0  107    0    0  100  606    0    0\n     0    0]\n [   0   11    0    0    0    0    0   53    0    0   22  141    0    0\n     0    0]\n [   0    4    0    0    0    0    0  150    0    0   89  230    0    0\n     0    0]\n [   0    7    0    0    0    0    0   92    0    0   89  532    0    0\n     0    0]\n [   0    0    0    0    0    0    0    0    0    0    2   16    0    0\n     0    0]\n [   0    3    0    0    0    0    0  183    0    0   78  204    0    0\n     0    0]\n [   0    0    0    0    0    0    0    3    0    0    0    7    0    0\n     0    0]\n [   0    3    0    0    0    0    0   81    0    0  194  684    0    0\n     0    0]\n [   0   13    0    0    0    0    0  244    0    0  444 1744    0    0\n     0    0]\n [   0    3    0    0    0    0    0   45    0    0   39  496    0    0\n     0    0]\n [   0    0    0    0    0    0    0   58    0    0   29  108    0    0\n     0    0]\n [   0    8    0    0    0    0    0  326    0    0  139  782    0    0\n     0    0]\n [   0    3    0    0    0    0    0   56    0    0   37  280    0    0\n     0    0]\n [   0    3    0    0    0    0    0    9    1    0    3   67    0    0\n     0    0]]",
        "each_acc": "[ 0.          1.4809591   0.          0.          0.          0.\n  0.         39.1025641   0.          0.         18.1595092  85.07718696\n  0.          0.          0.          0.        ]",
        "aa": 8.988763710394855,
        "kappa": 3.3090827760865804
    }
}