{
    "epoch_loss": {
        "type": "index_value",
        "index": [
            1,
            2,
            3,
            4,
            5,
            6,
            7,
            8,
            9,
            10,
            11,
            12,
            13,
            14,
            15,
            16,
            17,
            18,
            19,
            20,
            21,
            22,
            23,
            24,
            25,
            26,
            27,
            28,
            29,
            30,
            31,
            32,
            33,
            34,
            35,
            36,
            37,
            38,
            39,
            40,
            41,
            42,
            43,
            44,
            45,
            46,
            47,
            48,
            49,
            50
        ],
        "value": [
            2.8208611756563187,
            2.3739607334136963,
            1.893247600644827,
            1.4875106886029243,
            1.3104808665812016,
            1.0911834798753262,
            0.9246159680187702,
            0.8076455835253,
            0.6737439595162868,
            0.623501680791378,
            0.5294260401278734,
            0.47535387985408306,
            0.41149657405912876,
            0.33228653110563755,
            0.29011260997503996,
            0.24598391773179173,
            0.22043314902111888,
            0.18952073017135262,
            0.1927220094949007,
            0.17585230246186256,
            0.13870840007439256,
            0.1520901166368276,
            0.10621769283898175,
            0.0959548035170883,
            0.09138741018250585,
            0.08896049507893622,
            0.07529209717176855,
            0.069515764946118,
            0.07133402512408793,
            0.062005731160752475,
            0.051136594847775996,
            0.0623570061288774,
            0.053465310484170914,
            0.05696992878802121,
            0.041842658654786646,
            0.04573801078367978,
            0.045424861018545926,
            0.035675671766512096,
            0.033088418655097485,
            0.04213393584359437,
            0.04563036892795935,
            0.04011356586124748,
            0.0316009939997457,
            0.025187955237925053,
            0.02987003984162584,
            0.024862010322976857,
            0.030041123391129076,
            0.035985058173537254,
            0.021969044348224998,
            0.021867276402190328
        ]
    },
    "train_oa": {
        "type": "index_value",
        "index": [
            26
        ],
        "value": [
            74.72494796312816
        ]
    },
    "train_aa": {
        "type": "index_value",
        "index": [
            26
        ],
        "value": [
            85.0208795788704
        ]
    },
    "train_kappa": {
        "type": "index_value",
        "index": [
            26
        ],
        "value": [
            71.35117655056895
        ]
    },
    "eval_time": 0.0,
    "param": {
        "data": {
            "data_sign": "Indian",
            "data_file": "Indian_10",
            "patch_size": 13,
            "batch_size": 65,
            "num_classes": 16,
            "pca": 200,
            "dim_heads": 64,
            "spectral_size": 200
        },
        "net": {
            "trainer": "rwkvformer",
            "depth": 4,
            "dim": 64,
            "heads": 24,
            "kernal": 5,
            "padding": 2
        },
        "train": {
            "epochs": 50,
            "lr": 0.001,
            "weight_decay": 0
        },
        "uniq_name": "Indian_test"
    },
    "eval": {
        "classification": "                              precision    recall  f1-score   support\n\n                     Alfalfa     0.6731    0.9722    0.7955        36\n                 Corn-notill     0.7303    0.5959    0.6563      1418\n                Corn-mintill     0.4054    0.7476    0.5257       820\n                        Corn     0.5636    0.8590    0.6806       227\n               Grass-pasture     0.9698    0.8816    0.9236       473\n                 Grass-trees     0.9872    0.9611    0.9740       720\n         Grass-pasture-mowed     0.9000    1.0000    0.9474        18\n               Hay-windrowed     1.0000    0.8932    0.9436       468\n                        Oats     0.4000    1.0000    0.5714        10\n              Soybean-notill     0.7725    0.6705    0.7179       962\n             Soybean-mintill     0.7538    0.6736    0.7114      2445\n               Soybean-clean     0.7171    0.6346    0.6733       583\n                       Wheat     0.9948    0.9897    0.9923       195\n                       Woods     0.9838    0.8725    0.9248      1255\nBuildings-Grass-Trees-Drives     0.7349    0.9362    0.8234       376\n          Stone-Steel-Towers     0.7830    1.0000    0.8783        83\n\n                    accuracy                         0.7561     10089\n                   macro avg     0.7731    0.8555    0.7962     10089\n                weighted avg     0.7882    0.7561    0.7639     10089\n",
        "oa": 75.60709683814055,
        "confusion": "[[  35    0    0    0    0    0    0    0    0    0    1    0    0    0\n     0    0]\n [   0  845  174   59    0    1    0    0    0   70  260    2    0    3\n     4    0]\n [   0   20  613   39    0    0    0    0    2    7   86   50    1    0\n     2    0]\n [   0    9   19  195    0    0    0    0    2    0    2    0    0    0\n     0    0]\n [   0   18   24    3  417    0    1    0    5    1    1    0    0    0\n     3    0]\n [   0    1    7    2    6  692    0    0    4    3    3    0    0    2\n     0    0]\n [   0    0    0    0    0    0   18    0    0    0    0    0    0    0\n     0    0]\n [  17    1    7    8    1    0    0  418    0    0    2    0    0    1\n    12    1]\n [   0    0    0    0    0    0    0    0   10    0    0    0    0    0\n     0    0]\n [   0   56   82    1    4    2    1    0    1  645  169    0    0    0\n     1    0]\n [   0  198  387    1    1    4    0    0    0  105 1647   94    0    0\n     8    0]\n [   0    7  130   38    0    0    0    0    0    2    9  370    0    0\n     5   22]\n [   0    0    1    0    0    0    0    0    1    0    0    0  193    0\n     0    0]\n [   0    2   59    0    1    0    0    0    0    1    5    0    0 1095\n    92    0]\n [   0    0    9    0    0    2    0    0    0    1    0    0    0   12\n   352    0]\n [   0    0    0    0    0    0    0    0    0    0    0    0    0    0\n     0   83]]",
        "each_acc": "[ 97.22222222  59.5909732   74.75609756  85.9030837   88.16067653\n  96.11111111 100.          89.31623932 100.          67.04781705\n  67.36196319  63.46483705  98.97435897  87.25099602  93.61702128\n 100.        ]",
        "aa": 85.54858732500534,
        "kappa": 72.36697223446541
    }
}