{
    "epoch_loss": {
        "type": "index_value",
        "index": [
            1,
            2,
            3,
            4,
            5,
            6,
            7,
            8,
            9,
            10,
            11,
            12,
            13,
            14,
            15,
            16,
            17,
            18,
            19,
            20,
            21,
            22,
            23,
            24,
            25,
            26,
            27,
            28,
            29,
            30,
            31,
            32,
            33,
            34,
            35,
            36,
            37,
            38,
            39,
            40,
            41,
            42,
            43,
            44,
            45,
            46,
            47,
            48,
            49,
            50
        ],
        "value": [
            2.773183725774288,
            2.4251905158162117,
            1.895263697952032,
            1.5062654353678226,
            1.2388723455369473,
            0.997361533343792,
            0.8216641992330551,
            0.6735779792070389,
            0.5326351374387741,
            0.44890055153518915,
            0.3677909756079316,
            0.3011633902788162,
            0.2678391048684716,
            0.20477674435824156,
            0.17545002000406384,
            0.15024898294359446,
            0.1423142827115953,
            0.12185277719981968,
            0.10756646748632193,
            0.08539077499881387,
            0.07920379284769297,
            0.06983079551719129,
            0.06382311030756682,
            0.05233865627087653,
            0.05462224024813622,
            0.04858910129405558,
            0.050476835342124104,
            0.049801591550931334,
            0.04400707280728966,
            0.041413053520955145,
            0.034798126900568604,
            0.03848139801993966,
            0.038121421937830746,
            0.03270888619590551,
            0.031614445557352155,
            0.02951048465911299,
            0.029902319714892656,
            0.028800550615414977,
            0.027031194244045764,
            0.023428794520441443,
            0.024474314355757087,
            0.021188968850765377,
            0.022597600531298667,
            0.021038580976892263,
            0.019964483799412847,
            0.018991098448168486,
            0.019908414571546018,
            0.01791549735935405,
            0.017742339987307787,
            0.017122959601692855
        ]
    },
    "train_oa": {
        "type": "index_value",
        "index": [
            10,
            20,
            30,
            40,
            50
        ],
        "value": [
            84.8547923481019,
            86.71820794925166,
            86.4406779661017,
            86.91644365150164,
            87.00564971751412
        ]
    },
    "train_aa": {
        "type": "index_value",
        "index": [
            10,
            20,
            30,
            40,
            50
        ],
        "value": [
            92.58220772847115,
            93.921587601558,
            93.6495823701465,
            94.17978150109447,
            93.98335529871842
        ]
    },
    "train_kappa": {
        "type": "index_value",
        "index": [
            10,
            20,
            30,
            40,
            50
        ],
        "value": [
            82.9529189033462,
            85.02316822241298,
            84.70479123764943,
            85.24155125885962,
            85.33550397237654
        ]
    },
    "eval_time": 0.0,
    "param": {
        "data": {
            "data_sign": "Indian",
            "data_file": "Indian_10",
            "patch_size": 13,
            "batch_size": 65,
            "num_classes": 16,
            "pca": 200,
            "dim_heads": 64,
            "spectral_size": 200
        },
        "net": {
            "trainer": "sqsformer",
            "mlp_head_dim": 64,
            "depth": 3,
            "dim": 64,
            "heads": 20,
            "kernal": 5,
            "padding": 2
        },
        "train": {
            "epochs": 50,
            "lr": 0.001,
            "weight_decay": 0
        },
        "uniq_name": "Indian_test"
    },
    "eval": {
        "classification": "                              precision    recall  f1-score   support\n\n                     Alfalfa     1.0000    1.0000    1.0000        36\n                 Corn-notill     0.8809    0.7616    0.8169      1418\n                Corn-mintill     0.8722    0.8073    0.8385       820\n                        Corn     0.8561    0.9956    0.9206       227\n               Grass-pasture     0.7635    0.9831    0.8595       473\n                 Grass-trees     0.9003    0.9528    0.9258       720\n         Grass-pasture-mowed     0.4865    1.0000    0.6545        18\n               Hay-windrowed     0.9630    1.0000    0.9811       468\n                        Oats     0.2000    1.0000    0.3333        10\n              Soybean-notill     0.8147    0.8732    0.8430       962\n             Soybean-mintill     0.9320    0.7509    0.8317      2445\n               Soybean-clean     0.6986    0.9142    0.7920       583\n                       Wheat     0.8590    1.0000    0.9242       195\n                       Woods     0.9734    0.9928    0.9830      1255\nBuildings-Grass-Trees-Drives     0.7806    0.9840    0.8706       376\n\n                   micro avg     0.8694    0.8666    0.8680     10006\n                   macro avg     0.7987    0.9344    0.8383     10006\n                weighted avg     0.8813    0.8666    0.8681     10006\n",
        "oa": 86.76776687481416,
        "confusion": "[[  36    0    0    0    0    0    0    0    0    0    0    0    0    0\n     0    0]\n [   0 1080   54    0   29   15    0    0    0   50  128    0    0   11\n    51    0]\n [   0    0  662   30   25    0    0    0   13   17    5   39   29    0\n     0    0]\n [   0    0    0  226    0    0    0    0    0    0    0    1    0    0\n     0    0]\n [   0    0    0    0  465    0    2    0    4    0    0    0    0    1\n     1    0]\n [   0    0    0    1   10  686    0    0   22    0    0    1    0    0\n     0    0]\n [   0    0    0    0    0    0   18    0    0    0    0    0    0    0\n     0    0]\n [   0    0    0    0    0    0    0  468    0    0    0    0    0    0\n     0    0]\n [   0    0    0    0    0    0    0    0   10    0    0    0    0    0\n     0    0]\n [   0   61   36    0   10    0    0    0    0  840    1    8    0    6\n     0    0]\n [   0   85    7    0   68   61   17   16    1  114 1836  181    3   16\n    40    0]\n [   0    0    0    7    0    0    0    0    0    5    0  533    0    0\n     6   32]\n [   0    0    0    0    0    0    0    0    0    0    0    0  195    0\n     0    0]\n [   0    0    0    0    0    0    0    2    0    1    0    0    0 1246\n     6    0]\n [   0    0    0    0    2    0    0    0    0    4    0    0    0    0\n   370    0]\n [   0    0    0    0    0    0    0    0    0    0    0    0    0    0\n     0   83]]",
        "each_acc": "[100.          76.16361072  80.73170732  99.55947137  98.30866808\n  95.27777778 100.         100.         100.          87.31808732\n  75.09202454  91.42367067 100.          99.28286853  98.40425532\n 100.        ]",
        "aa": 93.84763385174288,
        "kappa": 85.06928974548083
    }
}