{
    "epoch_loss": {
        "type": "index_value",
        "index": [
            1,
            2,
            3,
            4,
            5,
            6,
            7,
            8,
            9,
            10,
            11,
            12,
            13,
            14,
            15,
            16,
            17,
            18,
            19,
            20
        ],
        "value": [
            2.6817378252744675,
            2.018143281340599,
            1.4083094373345375,
            1.0341721996665,
            0.7832660153508186,
            0.5830561686307192,
            0.44540281035006046,
            0.2974190628156066,
            0.24457350093871355,
            0.19117757910862565,
            0.14670055778697133,
            0.1351602515205741,
            0.10422976152040064,
            0.08215675875544548,
            0.06387242348864675,
            0.05599599692504853,
            0.05249852454289794,
            0.038414183305576444,
            0.03608450712636113,
            0.03641527862055227
        ]
    },
    "eval_time": 0.0,
    "param": {
        "data": {
            "data_sign": "Indian",
            "data_file": "Indian_10",
            "patch_size": 13,
            "batch_size": 65,
            "num_classes": 16,
            "pca": 200,
            "dim_heads": 64,
            "spectral_size": 200
        },
        "net": {
            "trainer": "rwkvformer",
            "depth": 4,
            "dim": 64,
            "heads": 24,
            "kernal": 6,
            "padding": 2,
            "n_head": 1,
            "ctx_len": 169,
            "n_attn": 512,
            "head_size": 16,
            "n_embd": 128,
            "n_embd1": 512,
            "n_ffn": 256,
            "rwkv_tiny_attn": 64,
            "rwkv_tiny_head": 4
        },
        "train": {
            "epochs": 20,
            "lr": 0.001,
            "weight_decay": 0
        },
        "uniq_name": "Indian_test"
    },
    "eval": {
        "classification": "                              precision    recall  f1-score   support\n\n                     Alfalfa     1.0000    1.0000    1.0000        36\n                 Corn-notill     0.8610    0.8039    0.8315      1418\n                Corn-mintill     0.8329    0.8207    0.8268       820\n                        Corn     0.9163    0.9648    0.9399       227\n               Grass-pasture     0.8454    0.9598    0.8990       473\n                 Grass-trees     0.8283    0.9514    0.8856       720\n         Grass-pasture-mowed     0.7500    1.0000    0.8571        18\n               Hay-windrowed     0.9750    1.0000    0.9873       468\n                        Oats     0.2174    1.0000    0.3571        10\n              Soybean-notill     0.8329    0.9116    0.8705       962\n             Soybean-mintill     0.9535    0.6965    0.8050      2445\n               Soybean-clean     0.6972    0.9125    0.7905       583\n                       Wheat     0.8478    1.0000    0.9176       195\n                       Woods     0.9664    0.9865    0.9763      1255\nBuildings-Grass-Trees-Drives     0.6661    0.9601    0.7865       376\n          Stone-Steel-Towers     0.7345    1.0000    0.8469        83\n\n                    accuracy                         0.8615     10089\n                   macro avg     0.8078    0.9355    0.8486     10089\n                weighted avg     0.8767    0.8615    0.8610     10089\n",
        "oa": 86.15323619783923,
        "confusion": "[[  36    0    0    0    0    0    0    0    0    0    0    0    0    0\n     0    0]\n [   0 1140   63    0    0   26    0    0    0   71   80    1    0   11\n    26    0]\n [   0    4  673   17   26    0    0    0    8   12    0   48   32    0\n     0    0]\n [   0    0    0  219    0    0    0    0    0    0    0    8    0    0\n     0    0]\n [   0    0    8    0  454    0    6    0    2    0    0    3    0    0\n     0    0]\n [   0    0    0    0    1  685    0    0   26    0    0    8    0    0\n     0    0]\n [   0    0    0    0    0    0   18    0    0    0    0    0    0    0\n     0    0]\n [   0    0    0    0    0    0    0  468    0    0    0    0    0    0\n     0    0]\n [   0    0    0    0    0    0    0    0   10    0    0    0    0    0\n     0    0]\n [   0   53    0    0   11    0    0    0    0  877    2   10    0    9\n     0    0]\n [   0  127   64    0   37  116    0   11    0   74 1703  153    3   23\n   133    1]\n [   0    0    0    3    0    0    0    0    0   10    0  532    0    0\n     9   29]\n [   0    0    0    0    0    0    0    0    0    0    0    0  195    0\n     0    0]\n [   0    0    0    0    0    0    0    1    0    2    1    0    0 1238\n    13    0]\n [   0    0    0    0    8    0    0    0    0    7    0    0    0    0\n   361    0]\n [   0    0    0    0    0    0    0    0    0    0    0    0    0    0\n     0   83]]",
        "each_acc": "[100.          80.39492243  82.07317073  96.47577093  95.98308668\n  95.13888889 100.         100.         100.          91.16424116\n  69.65235174  91.25214408 100.          98.64541833  96.0106383\n 100.        ]",
        "aa": 93.54941457886252,
        "kappa": 84.4136040741571
    }
}