{
    "epoch_loss": {
        "type": "index_value",
        "index": [
            1,
            2,
            3,
            4,
            5,
            6,
            7,
            8,
            9,
            10,
            11,
            12,
            13,
            14,
            15,
            16,
            17,
            18,
            19,
            20
        ],
        "value": [
            2.7823202307544537,
            2.3736713003756393,
            1.7825664068335918,
            1.3670904912165742,
            1.1493071895926745,
            0.9793479709482905,
            0.8119590958552574,
            0.7428983298700247,
            0.6528188866465839,
            0.604599862845976,
            0.5863699325874671,
            0.569858426033561,
            0.5235908414000896,
            0.4493809046585168,
            0.4120278447421629,
            0.35165069508018776,
            0.31932437286448123,
            0.27046195651168253,
            0.26075311694572223,
            0.24832002440495277
        ]
    },
    "eval_time": 0.0,
    "param": {
        "data": {
            "data_sign": "Indian",
            "data_file": "Indian_10",
            "patch_size": 13,
            "batch_size": 65,
            "num_classes": 16,
            "pca": 200,
            "dim_heads": 64,
            "spectral_size": 200
        },
        "net": {
            "trainer": "rwkvformer",
            "depth": 4,
            "dim": 64,
            "heads": 24,
            "kernal": 6,
            "padding": 2,
            "n_head": 1,
            "ctx_len": 169,
            "n_attn": 512,
            "head_size": 12,
            "n_embd": 128,
            "n_embd1": 512,
            "n_ffn": 64,
            "rwkv_tiny_attn": 64,
            "rwkv_tiny_head": 4
        },
        "train": {
            "epochs": 20,
            "lr": 0.001,
            "weight_decay": 0
        },
        "uniq_name": "Indian_test"
    },
    "eval": {
        "classification": "                              precision    recall  f1-score   support\n\n                     Alfalfa     1.0000    1.0000    1.0000        11\n                 Corn-notill     0.9488    0.7612    0.8447       268\n                Corn-mintill     0.8037    0.7486    0.7751       175\n                        Corn     0.7174    0.8684    0.7857        38\n               Grass-pasture     0.7928    0.9072    0.8462        97\n                 Grass-trees     0.8698    0.9608    0.9130       153\n         Grass-pasture-mowed     0.3077    1.0000    0.4706         4\n               Hay-windrowed     0.9043    1.0000    0.9498       104\n                        Oats     0.0714    1.0000    0.1333         1\n              Soybean-notill     0.7659    0.7659    0.7659       205\n             Soybean-mintill     0.8982    0.7366    0.8094       467\n               Soybean-clean     0.6490    0.8235    0.7259       119\n                       Wheat     0.6111    1.0000    0.7586        33\n                       Woods     0.9912    0.9451    0.9676       237\nBuildings-Grass-Trees-Drives     0.8103    0.9792    0.8868        96\n          Stone-Steel-Towers     0.5000    1.0000    0.6667        16\n\n                    accuracy                         0.8345      2024\n                   macro avg     0.7276    0.9060    0.7687      2024\n                weighted avg     0.8563    0.8345    0.8384      2024\n",
        "oa": 83.44861660079052,
        "confusion": "[[ 11   0   0   0   0   0   0   0   0   0   0   0   0   0   0   0]\n [  0 204  17   1   0   4   0   0   0  25  13   0   0   0   4   0]\n [  0   1 131  11   1   0   0   0   6   0   0  12  13   0   0   0]\n [  0   2   0  33   0   0   0   0   0   0   0   3   0   0   0   0]\n [  0   0   0   0  88   0   9   0   0   0   0   0   0   0   0   0]\n [  0   0   0   0   0 147   0   0   6   0   0   0   0   0   0   0]\n [  0   0   0   0   0   0   4   0   0   0   0   0   0   0   0   0]\n [  0   0   0   0   0   0   0 104   0   0   0   0   0   0   0   0]\n [  0   0   0   0   0   0   0   0   1   0   0   0   0   0   0   0]\n [  0   0   3   0  13   4   0   0   0 157  26   1   0   1   0   0]\n [  0   8  12   0   4  14   0  10   0  19 344  37   5   1  13   0]\n [  0   0   0   0   0   0   0   0   0   2   0  98   0   0   3  16]\n [  0   0   0   0   0   0   0   0   0   0   0   0  33   0   0   0]\n [  0   0   0   1   5   0   0   1   0   1   0   0   3 224   2   0]\n [  0   0   0   0   0   0   0   0   1   1   0   0   0   0  94   0]\n [  0   0   0   0   0   0   0   0   0   0   0   0   0   0   0  16]]",
        "each_acc": "[100.          76.11940299  74.85714286  86.84210526  90.72164948\n  96.07843137 100.         100.         100.          76.58536585\n  73.66167024  82.35294118 100.          94.51476793  97.91666667\n 100.        ]",
        "aa": 90.60313398920574,
        "kappa": 81.44422718260348
    }
}