{
    "epoch_loss": {
        "type": "index_value",
        "index": [
            1,
            2,
            3,
            4,
            5,
            6,
            7,
            8,
            9,
            10,
            11,
            12,
            13,
            14,
            15,
            16,
            17,
            18,
            19,
            20
        ],
        "value": [
            2.6938832998275757,
            1.8811329193413258,
            1.3033174760639668,
            0.9832519963383675,
            0.768535677343607,
            0.5945809092372656,
            0.4335736343637109,
            0.35110963974148035,
            0.24657470220699906,
            0.2034895634278655,
            0.13927752245217562,
            0.12217398220673203,
            0.09044787846505642,
            0.09096299391239882,
            0.06621280871331692,
            0.06011800549458712,
            0.05914501508232206,
            0.040118503966368735,
            0.0398399286204949,
            0.03732953034341335
        ]
    },
    "eval_time": 0.0,
    "param": {
        "data": {
            "data_sign": "Indian",
            "data_file": "Indian_10",
            "patch_size": 13,
            "batch_size": 65,
            "num_classes": 16,
            "pca": 200,
            "dim_heads": 64,
            "spectral_size": 200
        },
        "net": {
            "trainer": "rwkvformer",
            "depth": 4,
            "dim": 64,
            "heads": 24,
            "kernal": 6,
            "padding": 2,
            "n_head": 1,
            "ctx_len": 169,
            "n_attn": 512,
            "head_size": 12,
            "n_embd": 128,
            "n_embd1": 512,
            "n_ffn": 256,
            "rwkv_tiny_attn": 64,
            "rwkv_tiny_head": 4
        },
        "train": {
            "epochs": 20,
            "lr": 0.001,
            "weight_decay": 0
        },
        "uniq_name": "Indian_test"
    },
    "eval": {
        "classification": "                              precision    recall  f1-score   support\n\n                     Alfalfa     0.9474    1.0000    0.9730        36\n                 Corn-notill     0.8667    0.7842    0.8234      1418\n                Corn-mintill     0.7164    0.8317    0.7698       820\n                        Corn     0.8916    0.9780    0.9328       227\n               Grass-pasture     0.8582    0.9471    0.9005       473\n                 Grass-trees     0.8480    0.9375    0.8905       720\n         Grass-pasture-mowed     0.9474    1.0000    0.9730        18\n               Hay-windrowed     0.9710    1.0000    0.9853       468\n                        Oats     0.1887    1.0000    0.3175        10\n              Soybean-notill     0.8741    0.8950    0.8844       962\n             Soybean-mintill     0.9656    0.7125    0.8200      2445\n               Soybean-clean     0.6432    0.8628    0.7370       583\n                       Wheat     0.7831    1.0000    0.8784       195\n                       Woods     0.9657    0.9865    0.9760      1255\nBuildings-Grass-Trees-Drives     0.7887    0.9628    0.8671       376\n          Stone-Steel-Towers     0.6194    1.0000    0.7650        83\n\n                    accuracy                         0.8579     10089\n                   macro avg     0.8047    0.9311    0.8433     10089\n                weighted avg     0.8754    0.8579    0.8589     10089\n",
        "oa": 85.78650014867678,
        "confusion": "[[  36    0    0    0    0    0    0    0    0    0    0    0    0    0\n     0    0]\n [   1 1112  122    0    4   23    0    0    0   55   59    1    0   13\n    28    0]\n [   0    0  682   26   15    0    0    0   11    4    0   29   53    0\n     0    0]\n [   0    0    0  222    0    0    0    0    0    0    0    5    0    0\n     0    0]\n [   0    0   21    0  448    0    1    0    0    0    0    3    0    0\n     0    0]\n [   0    1    1    0    3  675    0    0   32    0    0    8    0    0\n     0    0]\n [   0    0    0    0    0    0   18    0    0    0    0    0    0    0\n     0    0]\n [   0    0    0    0    0    0    0  468    0    0    0    0    0    0\n     0    0]\n [   0    0    0    0    0    0    0    0   10    0    0    0    0    0\n     0    0]\n [   1   58   22    0    1    0    0    0    0  861    3    8    0    8\n     0    0]\n [   0  112  104    0   47   98    0   13    0   37 1742  225    1   23\n    43    0]\n [   0    0    0    1    0    0    0    0    0   18    0  503    0    0\n    10   51]\n [   0    0    0    0    0    0    0    0    0    0    0    0  195    0\n     0    0]\n [   0    0    0    0    0    0    0    1    0    0    0    0    0 1238\n    16    0]\n [   0    0    0    0    4    0    0    0    0   10    0    0    0    0\n   362    0]\n [   0    0    0    0    0    0    0    0    0    0    0    0    0    0\n     0   83]]",
        "each_acc": "[100.          78.4203103   83.17073171  97.79735683  94.71458774\n  93.75       100.         100.         100.          89.5010395\n  71.24744376  86.27787307 100.          98.64541833  96.27659574\n 100.        ]",
        "aa": 93.11258481094168,
        "kappa": 84.00097889822969
    }
}