{
    "epoch_loss": {
        "type": "index_value",
        "index": [
            1,
            2,
            3,
            4,
            5,
            6,
            7,
            8,
            9,
            10,
            11,
            12,
            13,
            14,
            15,
            16,
            17,
            18,
            19,
            20,
            21,
            22,
            23,
            24,
            25,
            26,
            27,
            28,
            29,
            30,
            31,
            32,
            33,
            34,
            35,
            36,
            37,
            38,
            39,
            40
        ],
        "value": [
            2.751031156796128,
            2.0883597055477883,
            1.5967893422539554,
            1.2112185474651962,
            1.0119625823711282,
            0.8294860840733371,
            0.6918380825377223,
            0.5803721386994889,
            0.5664499273051077,
            0.4678474102002471,
            0.4621576980423571,
            0.4061063826084137,
            0.3456973155487829,
            0.3579192415102204,
            0.32230959054249436,
            0.286286958562794,
            0.28343498306487924,
            0.22836459461432784,
            0.2314035112955677,
            0.2078260295649073,
            0.2085703277765815,
            0.1890631916362848,
            0.16954683234442525,
            0.14928199028346076,
            0.18033889692221114,
            0.15939888958610707,
            0.16189616129024706,
            0.14657800655756423,
            0.16924883247311437,
            0.11932912313226443,
            0.14875023445086694,
            0.13417607373488483,
            0.1328797937551541,
            0.130979997953817,
            0.145343978124768,
            0.12601309970243654,
            0.11855699444439874,
            0.11338306007100575,
            0.12358826815859596,
            0.11110332424738514
        ]
    },
    "train_oa": {
        "type": "index_value",
        "index": [
            26
        ],
        "value": [
            81.17588932806325
        ]
    },
    "train_aa": {
        "type": "index_value",
        "index": [
            26
        ],
        "value": [
            90.89441105247438
        ]
    },
    "train_kappa": {
        "type": "index_value",
        "index": [
            26
        ],
        "value": [
            79.07573819546612
        ]
    },
    "eval_time": 0.0,
    "param": {
        "data": {
            "data_sign": "Indian",
            "data_file": "Indian_10",
            "patch_size": 13,
            "batch_size": 65,
            "num_classes": 16,
            "pca": 200,
            "dim_heads": 64,
            "spectral_size": 200
        },
        "net": {
            "trainer": "rwkvformer",
            "depth": 4,
            "dim": 64,
            "mlp_dim": 8,
            "heads": 24,
            "kernal": 6,
            "padding": 2,
            "n_head": 4,
            "ctx_len": 169,
            "n_attn": 512,
            "head_size": 12,
            "n_embd": 128,
            "n_embd1": 512,
            "n_ffn": 64,
            "rwkv_tiny_attn": 64,
            "rwkv_tiny_head": 4
        },
        "train": {
            "epochs": 40,
            "lr": 0.001,
            "weight_decay": 0
        },
        "uniq_name": "Indian_test"
    },
    "eval": {
        "classification": "                              precision    recall  f1-score   support\n\n                     Alfalfa     0.9167    1.0000    0.9565        11\n                 Corn-notill     0.9450    0.7687    0.8477       268\n                Corn-mintill     0.5655    0.8629    0.6833       175\n                        Corn     0.9062    0.7632    0.8286        38\n               Grass-pasture     0.6975    0.8557    0.7685        97\n                 Grass-trees     0.9045    0.9281    0.9161       153\n         Grass-pasture-mowed     0.6667    1.0000    0.8000         4\n               Hay-windrowed     1.0000    1.0000    1.0000       104\n                        Oats     0.0833    1.0000    0.1538         1\n              Soybean-notill     0.8421    0.7024    0.7660       205\n             Soybean-mintill     0.8240    0.6617    0.7340       467\n               Soybean-clean     0.6923    0.9076    0.7855       119\n                       Wheat     0.8611    0.9394    0.8986        33\n                       Woods     0.9534    0.9494    0.9514       237\nBuildings-Grass-Trees-Drives     0.8878    0.9062    0.8969        96\n          Stone-Steel-Towers     0.6400    1.0000    0.7805        16\n\n                    accuracy                         0.8157      2024\n                   macro avg     0.7741    0.8903    0.7980      2024\n                weighted avg     0.8395    0.8157    0.8191      2024\n",
        "oa": 81.5711462450593,
        "confusion": "[[ 11   0   0   0   0   0   0   0   0   0   0   0   0   0   0   0]\n [  0 206   9   0   3   2   0   0   0  13  33   0   0   2   0   0]\n [  0   1 151   3   6   0   0   0   0   0   2   8   4   0   0   0]\n [  0   0   6  29   0   0   0   0   0   0   0   3   0   0   0   0]\n [  0   0  12   0  83   0   2   0   0   0   0   0   0   0   0   0]\n [  0   0   0   0   0 142   0   0  11   0   0   0   0   0   0   0]\n [  0   0   0   0   0   0   4   0   0   0   0   0   0   0   0   0]\n [  0   0   0   0   0   0   0 104   0   0   0   0   0   0   0   0]\n [  0   0   0   0   0   0   0   0   1   0   0   0   0   0   0   0]\n [  1   0  19   0   5   0   0   0   0 144  31   3   0   2   0   0]\n [  0  11  61   0  14  13   0   0   0  10 309  33   1   7   8   0]\n [  0   0   0   0   0   0   0   0   0   2   0 108   0   0   0   9]\n [  0   0   0   0   2   0   0   0   0   0   0   0  31   0   0   0]\n [  0   0   9   0   0   0   0   0   0   0   0   0   0 225   3   0]\n [  0   0   0   0   6   0   0   0   0   2   0   1   0   0  87   0]\n [  0   0   0   0   0   0   0   0   0   0   0   0   0   0   0  16]]",
        "each_acc": "[100.          76.86567164  86.28571429  76.31578947  85.56701031\n  92.81045752 100.         100.         100.          70.24390244\n  66.16702355  90.75630252  93.93939394  94.93670886  90.625\n 100.        ]",
        "aa": 89.03206090884987,
        "kappa": 79.30499280288794
    }
}