{
    "epoch_loss": {
        "type": "index_value",
        "index": [
            1,
            2,
            3,
            4,
            5,
            6,
            7,
            8,
            9,
            10,
            11,
            12,
            13,
            14,
            15,
            16,
            17,
            18,
            19,
            20
        ],
        "value": [
            2.6973356399963153,
            1.8732613778826017,
            1.4237607646344312,
            1.1165457625887287,
            0.96914072401488,
            0.7913970764893205,
            0.6549673569736196,
            0.6009957092021828,
            0.5373372675767586,
            0.4852128378046093,
            0.442534205184054,
            0.3984185339354757,
            0.3527634748772009,
            0.29918031805931633,
            0.29826221181385554,
            0.2909346334080198,
            0.2765987924675443,
            0.22799170006122163,
            0.23849477541090838,
            0.2264669501959388
        ]
    },
    "eval_time": 0.0,
    "param": {
        "data": {
            "data_sign": "Indian",
            "data_file": "Indian_10",
            "patch_size": 13,
            "batch_size": 65,
            "num_classes": 16,
            "pca": 200,
            "dim_heads": 64,
            "spectral_size": 200
        },
        "net": {
            "trainer": "rwkvformer",
            "depth": 4,
            "dim": 64,
            "heads": 24,
            "kernal": 6,
            "padding": 2,
            "n_head": 1,
            "ctx_len": 169,
            "n_attn": 512,
            "head_size": 12,
            "n_embd": 128,
            "n_embd1": 512,
            "n_ffn": 64,
            "rwkv_tiny_attn": 64,
            "rwkv_tiny_head": 4
        },
        "train": {
            "epochs": 20,
            "lr": 0.001,
            "weight_decay": 0
        },
        "uniq_name": "Indian_test"
    },
    "eval": {
        "classification": "                              precision    recall  f1-score   support\n\n                     Alfalfa     1.0000    1.0000    1.0000        11\n                 Corn-notill     0.9543    0.7799    0.8583       268\n                Corn-mintill     0.6275    0.8857    0.7346       175\n                        Corn     0.8636    1.0000    0.9268        38\n               Grass-pasture     0.8571    0.8660    0.8615        97\n                 Grass-trees     0.8639    0.9542    0.9068       153\n         Grass-pasture-mowed     0.0727    1.0000    0.1356         4\n               Hay-windrowed     1.0000    1.0000    1.0000       104\n                        Oats     0.1111    1.0000    0.2000         1\n              Soybean-notill     0.7788    0.7902    0.7845       205\n             Soybean-mintill     0.8997    0.5567    0.6878       467\n               Soybean-clean     0.6596    0.7815    0.7154       119\n                       Wheat     0.7333    1.0000    0.8462        33\n                       Woods     0.9708    0.9831    0.9769       237\nBuildings-Grass-Trees-Drives     0.8879    0.9896    0.9360        96\n          Stone-Steel-Towers     0.4211    1.0000    0.5926        16\n\n                    accuracy                         0.8123      2024\n                   macro avg     0.7313    0.9117    0.7602      2024\n                weighted avg     0.8566    0.8123    0.8191      2024\n",
        "oa": 81.22529644268775,
        "confusion": "[[ 11   0   0   0   0   0   0   0   0   0   0   0   0   0   0   0]\n [  0 209   4   1   0   3   6   0   0  24  16   2   0   0   3   0]\n [  0   0 155   5   1   0   0   0   1   0   0   5   8   0   0   0]\n [  0   0   0  38   0   0   0   0   0   0   0   0   0   0   0   0]\n [  0   0   2   0  84   0  11   0   0   0   0   0   0   0   0   0]\n [  0   0   0   0   0 146   0   0   7   0   0   0   0   0   0   0]\n [  0   0   0   0   0   0   4   0   0   0   0   0   0   0   0   0]\n [  0   0   0   0   0   0   0 104   0   0   0   0   0   0   0   0]\n [  0   0   0   0   0   0   0   0   1   0   0   0   0   0   0   0]\n [  0   0   7   0   8   0  12   0   0 162  13   2   0   1   0   0]\n [  0  10  79   0   5  20  21   0   0  18 260  39   4   5   6   0]\n [  0   0   0   0   0   0   0   0   0   4   0  93   0   0   0  22]\n [  0   0   0   0   0   0   0   0   0   0   0   0  33   0   0   0]\n [  0   0   0   0   0   0   1   0   0   0   0   0   0 233   3   0]\n [  0   0   0   0   0   0   0   0   0   0   0   0   0   1  95   0]\n [  0   0   0   0   0   0   0   0   0   0   0   0   0   0   0  16]]",
        "each_acc": "[100.          77.98507463  88.57142857 100.          86.59793814\n  95.4248366  100.         100.         100.          79.02439024\n  55.6745182   78.1512605  100.          98.31223629  98.95833333\n 100.        ]",
        "aa": 91.16875103209834,
        "kappa": 79.11606587432331
    }
}