{
    "epoch_loss": {
        "type": "index_value",
        "index": [
            1,
            2,
            3,
            4,
            5,
            6,
            7,
            8,
            9,
            10,
            11,
            12,
            13,
            14,
            15,
            16,
            17,
            18,
            19,
            20,
            21,
            22,
            23,
            24,
            25,
            26,
            27,
            28,
            29,
            30,
            31,
            32,
            33,
            34,
            35,
            36,
            37,
            38,
            39,
            40,
            41,
            42,
            43,
            44,
            45,
            46,
            47,
            48,
            49,
            50,
            51,
            52,
            53,
            54,
            55,
            56,
            57,
            58,
            59,
            60,
            61,
            62,
            63,
            64,
            65,
            66,
            67,
            68,
            69,
            70,
            71,
            72,
            73,
            74,
            75,
            76,
            77,
            78,
            79,
            80,
            81,
            82,
            83,
            84,
            85,
            86,
            87,
            88,
            89,
            90,
            91,
            92,
            93,
            94,
            95,
            96,
            97,
            98,
            99,
            100
        ],
        "value": [
            2.6925539076328278,
            1.953555140644312,
            1.33239383995533,
            0.9801725707948208,
            0.7481682542711496,
            0.5146970385685563,
            0.3893914604559541,
            0.29310878459364176,
            0.23541867872700095,
            0.18120225286111236,
            0.15760032879188657,
            0.11467995774000883,
            0.09809199720621109,
            0.0792267951183021,
            0.06867956160567701,
            0.051118708215653896,
            0.05098528100643307,
            0.045922784600406885,
            0.04185231577139348,
            0.041866288403980434,
            0.03184037480968982,
            0.032485029310919344,
            0.029137823672499508,
            0.030638228345196694,
            0.027439516270533204,
            0.024968505022116005,
            0.02091779961483553,
            0.021507192868739367,
            0.018015227047726512,
            0.018192293238826096,
            0.01695248659234494,
            0.01851650685421191,
            0.016770975955296308,
            0.01513323377002962,
            0.014308025274658576,
            0.015039959427667782,
            0.012570311839226633,
            0.013853557931724936,
            0.011969407787546515,
            0.01178514037746936,
            0.01110434767906554,
            0.012429680849891156,
            0.010746921063400805,
            0.009989257378038019,
            0.010639672022080049,
            0.009525227127596736,
            0.012020650057820603,
            0.008745392668060958,
            0.00907620920042973,
            0.009368381783133373,
            0.009398988739121705,
            0.008759737393120304,
            0.00748356590338517,
            0.008093794342130423,
            0.007099225738784298,
            0.006630070289247669,
            0.006257403802010231,
            0.006599766114959493,
            0.006921016378328204,
            0.008155876668752171,
            0.006519705289974809,
            0.005579923381446861,
            0.005440354652819224,
            0.008140896388795227,
            0.005648392150760628,
            0.005434122649603523,
            0.006845576033811085,
            0.004686375890742056,
            0.005306492152158171,
            0.004948113448335789,
            0.006862145353807136,
            0.00544862262904644,
            0.005212212388869375,
            0.00612909730989486,
            0.005384108138969168,
            0.00643029336060863,
            0.005196163387154229,
            0.004411531292134896,
            0.00421757047297433,
            0.004881310946075246,
            0.0039695599843980744,
            0.003988519252743572,
            0.003644523814728018,
            0.003998393876827322,
            0.004431415756698698,
            0.004053980650496669,
            0.0038577631494263187,
            0.004563105052511673,
            0.003387311538972426,
            0.0032326667205779813,
            0.003876890041283332,
            0.003291644126875326,
            0.003229036010452546,
            0.004043813445605338,
            0.0032976176880765706,
            0.003512384748319164,
            0.0030628212116425857,
            0.0036924950618413277,
            0.0030379463496501558,
            0.0031302692514145747
        ]
    },
    "train_oa": {
        "type": "index_value",
        "index": [
            26,
            52,
            78
        ],
        "value": [
            85.51888195063931,
            85.97482406581425,
            85.79641193378927
        ]
    },
    "train_aa": {
        "type": "index_value",
        "index": [
            26,
            52,
            78
        ],
        "value": [
            93.23962440103031,
            93.1770864150597,
            93.10972801874122
        ]
    },
    "train_kappa": {
        "type": "index_value",
        "index": [
            26,
            52,
            78
        ],
        "value": [
            83.68520769802109,
            84.19343571522084,
            83.99112275009827
        ]
    },
    "eval_time": 0.0,
    "param": {
        "data": {
            "data_sign": "Indian",
            "data_file": "Indian_10",
            "patch_size": 13,
            "batch_size": 65,
            "num_classes": 16,
            "pca": 200,
            "dim_heads": 64,
            "spectral_size": 200
        },
        "net": {
            "trainer": "rwkvformer",
            "depth": 4,
            "dim": 64,
            "heads": 24,
            "kernal": 5,
            "padding": 2
        },
        "train": {
            "epochs": 100,
            "lr": 0.001,
            "weight_decay": 0
        },
        "uniq_name": "Indian_test"
    },